date,product,quantity,unit_price,channel
2024-01-01,Oversized Hoodie - Black,6,1450,Facebook
2024-01-02,Oversized Hoodie - Black,5,1450,Website
2024-01-03,Oversized Hoodie - Black,8,1450,Facebook
2024-01-04,Oversized Hoodie - Black,2,1450,Facebook
2024-01-05,Oversized Hoodie - Black,7,1450,Facebook
2024-01-06,Oversized Hoodie - Black,4,1450,Website
2024-01-07,Oversized Hoodie - Black,6,1450,Website
2024-01-08,Oversized Hoodie - Black,4,1450,Facebook
2024-01-09,Oversized Hoodie - Black,2,1450,Facebook
2024-01-10,Oversized Hoodie - Black,3,1450,Website
2024-01-11,Oversized Hoodie - Black,6,1450,Website
2024-01-12,Oversized Hoodie - Black,5,1450,Facebook
2024-01-13,Oversized Hoodie - Black,9,1450,Website
2024-01-14,Oversized Hoodie - Black,3,1450,Website
2024-01-15,Oversized Hoodie - Black,5,1450,Facebook
2024-01-16,Oversized Hoodie - Black,2,1450,Facebook
2024-01-17,Oversized Hoodie - Black,3,1450,Website
2024-01-18,Oversized Hoodie - Black,1,1450,Facebook
2024-01-19,Oversized Hoodie - Black,9,1450,Facebook
2024-01-20,Oversized Hoodie - Black,5,1450,Facebook
2024-01-21,Oversized Hoodie - Black,5,1450,Instagram
2024-01-22,Oversized Hoodie - Black,5,1450,Facebook
2024-01-23,Oversized Hoodie - Black,4,1450,Facebook
2024-01-24,Oversized Hoodie - Black,5,1450,Facebook
2024-01-25,Oversized Hoodie - Black,8,1450,Instagram
2024-01-26,Oversized Hoodie - Black,10,1450,Facebook
2024-01-27,Oversized Hoodie - Black,2,1450,Website
2024-01-28,Oversized Hoodie - Black,5,1450,Facebook
2024-01-29,Oversized Hoodie - Black,6,1450,Facebook
2024-01-30,Oversized Hoodie - Black,2,1450,Facebook
2024-01-31,Oversized Hoodie - Black,6,1450,Website
2024-02-01,Oversized Hoodie - Black,2,1450,Facebook
2024-02-02,Oversized Hoodie - Black,3,1450,Website
2024-02-03,Oversized Hoodie - Black,3,1450,Facebook
2024-02-04,Oversized Hoodie - Black,1,1450,Facebook
2024-02-05,Oversized Hoodie - Black,6,1450,Facebook
2024-02-06,Oversized Hoodie - Black,4,1450,Facebook
2024-02-07,Oversized Hoodie - Black,2,1450,Facebook
2024-02-08,Oversized Hoodie - Black,3,1450,Facebook
2024-02-09,Oversized Hoodie - Black,9,1450,Facebook
2024-02-10,Oversized Hoodie - Black,9,1450,Facebook
2024-02-11,Oversized Hoodie - Black,5,1450,Website
2024-02-12,Oversized Hoodie - Black,3,1450,Facebook
2024-02-13,Oversized Hoodie - Black,4,1450,Facebook
2024-02-14,Oversized Hoodie - Black,3,1450,Website
2024-02-15,Oversized Hoodie - Black,2,1450,Instagram
2024-02-16,Oversized Hoodie - Black,4,1450,Facebook
2024-02-17,Oversized Hoodie - Black,2,1450,Facebook
2024-02-18,Oversized Hoodie - Black,4,1450,Facebook
2024-02-19,Oversized Hoodie - Black,3,1450,Facebook
2024-02-20,Oversized Hoodie - Black,3,1450,Website
2024-02-21,Oversized Hoodie - Black,3,1450,Facebook
2024-02-22,Oversized Hoodie - Black,3,1450,Facebook
2024-02-23,Oversized Hoodie - Black,5,1450,Facebook
2024-02-24,Oversized Hoodie - Black,8,1450,Instagram
2024-02-25,Oversized Hoodie - Black,5,1450,Facebook
2024-02-27,Oversized Hoodie - Black,5,1450,Website
2024-02-28,Oversized Hoodie - Black,3,1450,Website
2024-02-29,Oversized Hoodie - Black,5,1450,Facebook
2024-03-01,Oversized Hoodie - Black,3,1450,Facebook
2024-03-02,Oversized Hoodie - Black,4,1450,Facebook
2024-03-03,Oversized Hoodie - Black,3,1450,Facebook
2024-03-04,Oversized Hoodie - Black,1,1450,Facebook
2024-03-05,Oversized Hoodie - Black,3,1450,Facebook
2024-03-06,Oversized Hoodie - Black,2,1450,Website
2024-03-07,Oversized Hoodie - Black,3,1450,Facebook
2024-03-08,Oversized Hoodie - Black,1,1450,Facebook
2024-03-09,Oversized Hoodie - Black,2,1450,Facebook
2024-03-10,Oversized Hoodie - Black,2,1450,Website
2024-03-11,Oversized Hoodie - Black,2,1450,Facebook
2024-03-12,Oversized Hoodie - Black,2,1450,Facebook
2024-03-13,Oversized Hoodie - Black,4,1450,Facebook
2024-03-14,Oversized Hoodie - Black,1,1450,Website
2024-03-15,Oversized Hoodie - Black,5,1450,Website
2024-03-16,Oversized Hoodie - Black,2,1450,Facebook
2024-03-17,Oversized Hoodie - Black,2,1450,Facebook
2024-03-18,Oversized Hoodie - Black,1,1450,Facebook
2024-03-19,Oversized Hoodie - Black,7,1450,Instagram
2024-03-20,Oversized Hoodie - Black,1,1450,Facebook
2024-03-21,Oversized Hoodie - Black,1,1450,Facebook
2024-03-22,Oversized Hoodie - Black,4,1450,Instagram
2024-03-23,Oversized Hoodie - Black,1,1450,Facebook
2024-03-24,Oversized Hoodie - Black,3,1450,Facebook
2024-03-25,Oversized Hoodie - Black,5,1450,Website
2024-03-26,Oversized Hoodie - Black,3,1450,Instagram
2024-03-27,Oversized Hoodie - Black,1,1450,Facebook
2024-03-28,Oversized Hoodie - Black,1,1450,Facebook
2024-03-29,Oversized Hoodie - Black,1,1450,Facebook
2024-03-30,Oversized Hoodie - Black,4,1450,Facebook
2024-03-31,Oversized Hoodie - Black,1,1450,Facebook
2024-04-01,Oversized Hoodie - Black,3,1450,Facebook
2024-04-02,Oversized Hoodie - Black,3,1450,Website
2024-04-03,Oversized Hoodie - Black,2,1450,Facebook
2024-04-04,Oversized Hoodie - Black,2,1450,Instagram
2024-04-05,Oversized Hoodie - Black,8,1450,Facebook
2024-04-06,Oversized Hoodie - Black,4,1450,Facebook
2024-04-07,Oversized Hoodie - Black,3,1450,Facebook
2024-04-08,Oversized Hoodie - Black,4,1450,Facebook
2024-04-09,Oversized Hoodie - Black,1,1450,Facebook
2024-04-10,Oversized Hoodie - Black,3,1450,Facebook
2024-04-11,Oversized Hoodie - Black,3,1450,Facebook
2024-04-12,Oversized Hoodie - Black,1,1450,Facebook
2024-04-13,Oversized Hoodie - Black,1,1450,Facebook
2024-04-14,Oversized Hoodie - Black,2,1450,Facebook
2024-04-15,Oversized Hoodie - Black,1,1450,Facebook
2024-04-16,Oversized Hoodie - Black,2,1450,Website
2024-04-18,Oversized Hoodie - Black,2,1450,Instagram
2024-04-20,Oversized Hoodie - Black,1,1450,Facebook
2024-04-21,Oversized Hoodie - Black,1,1450,Instagram
2024-04-22,Oversized Hoodie - Black,1,1450,Website
2024-04-23,Oversized Hoodie - Black,1,1450,Facebook
2024-04-24,Oversized Hoodie - Black,1,1450,Facebook
2024-04-26,Oversized Hoodie - Black,1,1450,Instagram
2024-04-28,Oversized Hoodie - Black,2,1450,Facebook
2024-04-29,Oversized Hoodie - Black,2,1450,Facebook
2024-05-01,Oversized Hoodie - Black,1,1450,Website
2024-05-02,Oversized Hoodie - Black,1,1450,Website
2024-05-03,Oversized Hoodie - Black,1,1450,Instagram
2024-05-04,Oversized Hoodie - Black,1,1450,Facebook
2024-05-05,Oversized Hoodie - Black,1,1450,Facebook
2024-05-06,Oversized Hoodie - Black,1,1450,Facebook
2024-05-10,Oversized Hoodie - Black,1,1450,Facebook
2024-05-11,Oversized Hoodie - Black,1,1450,Website
2024-05-14,Oversized Hoodie - Black,1,1450,Instagram
2024-05-15,Oversized Hoodie - Black,1,1450,Facebook
2024-05-16,Oversized Hoodie - Black,1,1450,Facebook
2024-05-17,Oversized Hoodie - Black,1,1450,Facebook
2024-05-28,Oversized Hoodie - Black,1,1450,Facebook
2024-06-05,Oversized Hoodie - Black,1,1450,Facebook
2024-06-09,Oversized Hoodie - Black,1,1450,Instagram
2024-06-10,Oversized Hoodie - Black,2,1450,Facebook
2024-06-14,Oversized Hoodie - Black,1,1450,Website
2024-06-15,Oversized Hoodie - Black,2,1450,Instagram
2024-06-18,Oversized Hoodie - Black,3,1450,Facebook
2024-06-21,Oversized Hoodie - Black,1,1450,Instagram
2024-06-26,Oversized Hoodie - Black,1,1450,Website
2024-06-28,Oversized Hoodie - Black,2,1450,Website
2024-07-04,Oversized Hoodie - Black,1,1450,Facebook
2024-07-05,Oversized Hoodie - Black,3,1450,Facebook
2024-07-07,Oversized Hoodie - Black,1,1450,Facebook
2024-07-09,Oversized Hoodie - Black,1,1450,Instagram
2024-07-12,Oversized Hoodie - Black,1,1450,Website
2024-07-13,Oversized Hoodie - Black,1,1450,Facebook
2024-07-14,Oversized Hoodie - Black,1,1450,Facebook
2024-07-18,Oversized Hoodie - Black,1,1450,Facebook
2024-07-20,Oversized Hoodie - Black,1,1450,Website
2024-07-24,Oversized Hoodie - Black,1,1450,Facebook
2024-07-25,Oversized Hoodie - Black,1,1450,Instagram
2024-07-26,Oversized Hoodie - Black,1,1450,Website
2024-07-27,Oversized Hoodie - Black,1,1450,Facebook
2024-07-30,Oversized Hoodie - Black,2,1450,Facebook
2024-07-31,Oversized Hoodie - Black,1,1450,Facebook
2024-08-02,Oversized Hoodie - Black,1,1450,Instagram
2024-08-12,Oversized Hoodie - Black,2,1450,Facebook
2024-08-17,Oversized Hoodie - Black,1,1450,Facebook
2024-08-18,Oversized Hoodie - Black,1,1450,Facebook
2024-08-20,Oversized Hoodie - Black,2,1450,Facebook
2024-08-23,Oversized Hoodie - Black,1,1450,Facebook
2024-08-25,Oversized Hoodie - Black,1,1450,Facebook
2024-08-27,Oversized Hoodie - Black,1,1450,Facebook
2024-09-01,Oversized Hoodie - Black,2,1450,Facebook
2024-09-02,Oversized Hoodie - Black,1,1450,Instagram
2024-09-03,Oversized Hoodie - Black,1,1450,Instagram
2024-09-04,Oversized Hoodie - Black,2,1450,Facebook
2024-09-06,Oversized Hoodie - Black,2,1450,Facebook
2024-09-07,Oversized Hoodie - Black,2,1450,Website
2024-09-08,Oversized Hoodie - Black,1,1450,Facebook
2024-09-12,Oversized Hoodie - Black,1,1450,Facebook
2024-09-13,Oversized Hoodie - Black,1,1450,Facebook
2024-09-14,Oversized Hoodie - Black,2,1450,Facebook
2024-09-17,Oversized Hoodie - Black,2,1450,Facebook
2024-09-20,Oversized Hoodie - Black,2,1450,Website
2024-09-22,Oversized Hoodie - Black,1,1450,Facebook
2024-09-23,Oversized Hoodie - Black,2,1450,Facebook
2024-09-24,Oversized Hoodie - Black,2,1450,Facebook
2024-09-26,Oversized Hoodie - Black,1,1450,Facebook
2024-09-27,Oversized Hoodie - Black,1,1450,Instagram
2024-09-28,Oversized Hoodie - Black,1,1450,Facebook
2024-09-29,Oversized Hoodie - Black,2,1450,Facebook
2024-10-02,Oversized Hoodie - Black,1,1450,Website
2024-10-03,Oversized Hoodie - Black,1,1450,Facebook
2024-10-04,Oversized Hoodie - Black,3,1450,Website
2024-10-06,Oversized Hoodie - Black,2,1450,Facebook
2024-10-07,Oversized Hoodie - Black,2,1450,Facebook
2024-10-08,Oversized Hoodie - Black,4,1450,Website
2024-10-10,Oversized Hoodie - Black,3,1450,Facebook
2024-10-11,Oversized Hoodie - Black,2,1450,Instagram
2024-10-12,Oversized Hoodie - Black,4,1450,Facebook
2024-10-14,Oversized Hoodie - Black,2,1450,Facebook
2024-10-15,Oversized Hoodie - Black,2,1450,Instagram
2024-10-16,Oversized Hoodie - Black,3,1450,Facebook
2024-10-17,Oversized Hoodie - Black,2,1450,Facebook
2024-10-18,Oversized Hoodie - Black,8,1450,Facebook
2024-10-19,Oversized Hoodie - Black,4,1450,Website
2024-10-20,Oversized Hoodie - Black,2,1450,Facebook
2024-10-21,Oversized Hoodie - Black,1,1450,Facebook
2024-10-23,Oversized Hoodie - Black,4,1450,Website
2024-10-24,Oversized Hoodie - Black,1,1450,Website
2024-10-25,Oversized Hoodie - Black,5,1450,Website
2024-10-26,Oversized Hoodie - Black,3,1450,Instagram
2024-10-27,Oversized Hoodie - Black,1,1450,Facebook
2024-10-28,Oversized Hoodie - Black,2,1450,Instagram
2024-10-29,Oversized Hoodie - Black,3,1450,Facebook
2024-10-30,Oversized Hoodie - Black,3,1450,Facebook
2024-10-31,Oversized Hoodie - Black,3,1450,Facebook
2024-11-01,Oversized Hoodie - Black,7,1450,Facebook
2024-11-02,Oversized Hoodie - Black,1,1450,Facebook
2024-11-03,Oversized Hoodie - Black,1,1450,Website
2024-11-04,Oversized Hoodie - Black,1,1450,Facebook
2024-11-05,Oversized Hoodie - Black,2,1450,Facebook
2024-11-06,Oversized Hoodie - Black,4,1450,Instagram
2024-11-07,Oversized Hoodie - Black,4,1450,Facebook
2024-11-08,Oversized Hoodie - Black,2,1450,Facebook
2024-11-09,Oversized Hoodie - Black,1,1450,Facebook
2024-11-10,Oversized Hoodie - Black,2,1450,Facebook
2024-11-11,Oversized Hoodie - Black,3,1450,Instagram
2024-11-12,Oversized Hoodie - Black,4,1450,Facebook
2024-11-13,Oversized Hoodie - Black,6,1450,Facebook
2024-11-14,Oversized Hoodie - Black,2,1450,Website
2024-11-15,Oversized Hoodie - Black,5,1450,Facebook
2024-11-16,Oversized Hoodie - Black,7,1450,Website
2024-11-17,Oversized Hoodie - Black,6,1450,Facebook
2024-11-18,Oversized Hoodie - Black,3,1450,Facebook
2024-11-19,Oversized Hoodie - Black,3,1450,Facebook
2024-11-20,Oversized Hoodie - Black,5,1450,Website
2024-11-21,Oversized Hoodie - Black,5,1450,Facebook
2024-11-22,Oversized Hoodie - Black,4,1450,Facebook
2024-11-23,Oversized Hoodie - Black,6,1450,Facebook
2024-11-24,Oversized Hoodie - Black,1,1450,Facebook
2024-11-25,Oversized Hoodie - Black,5,1450,Instagram
2024-11-26,Oversized Hoodie - Black,8,1450,Facebook
2024-11-27,Oversized Hoodie - Black,3,1450,Facebook
2024-11-28,Oversized Hoodie - Black,4,1450,Facebook
2024-11-29,Oversized Hoodie - Black,10,1450,Facebook
2024-11-30,Oversized Hoodie - Black,7,1450,Facebook
2024-12-01,Oversized Hoodie - Black,4,1450,Facebook
2024-12-02,Oversized Hoodie - Black,3,1450,Website
2024-12-03,Oversized Hoodie - Black,5,1450,Facebook
2024-12-04,Oversized Hoodie - Black,9,1450,Website
2024-12-05,Oversized Hoodie - Black,3,1450,Facebook
2024-12-06,Oversized Hoodie - Black,5,1450,Facebook
2024-12-07,Oversized Hoodie - Black,8,1450,Instagram
2024-12-08,Oversized Hoodie - Black,5,1450,Instagram
2024-12-09,Oversized Hoodie - Black,9,1450,Facebook
2024-12-10,Oversized Hoodie - Black,8,1450,Instagram
2024-12-11,Oversized Hoodie - Black,6,1450,Facebook
2024-12-12,Oversized Hoodie - Black,2,1450,Facebook
2024-12-13,Oversized Hoodie - Black,11,1450,Facebook
2024-12-14,Oversized Hoodie - Black,7,1450,Facebook
2024-12-15,Oversized Hoodie - Black,7,1450,Website
2024-12-16,Oversized Hoodie - Black,4,1450,Facebook
2024-12-17,Oversized Hoodie - Black,6,1450,Facebook
2024-12-18,Oversized Hoodie - Black,10,1450,Website
2024-12-19,Oversized Hoodie - Black,7,1450,Facebook
2024-12-20,Oversized Hoodie - Black,9,1450,Instagram
2024-12-21,Oversized Hoodie - Black,8,1450,Facebook
2024-12-22,Oversized Hoodie - Black,9,1450,Facebook
2024-12-23,Oversized Hoodie - Black,7,1450,Facebook
2024-12-24,Oversized Hoodie - Black,6,1450,Facebook
2024-12-25,Oversized Hoodie - Black,7,1450,Website
2024-12-26,Oversized Hoodie - Black,6,1450,Facebook
2024-12-27,Oversized Hoodie - Black,7,1450,Facebook
2024-12-28,Oversized Hoodie - Black,4,1450,Facebook
2024-12-29,Oversized Hoodie - Black,10,1450,Website
2024-12-30,Oversized Hoodie - Black,5,1450,Facebook
2024-12-31,Oversized Hoodie - Black,7,1450,Facebook
2025-01-01,Oversized Hoodie - Black,3,1450,Facebook
2025-01-02,Oversized Hoodie - Black,4,1450,Facebook
2025-01-03,Oversized Hoodie - Black,11,1450,Facebook
2025-01-04,Oversized Hoodie - Black,8,1450,Facebook
2025-01-05,Oversized Hoodie - Black,5,1450,Instagram
2025-01-06,Oversized Hoodie - Black,6,1450,Facebook
2025-01-07,Oversized Hoodie - Black,10,1450,Website
2025-01-08,Oversized Hoodie - Black,4,1450,Website
2025-01-09,Oversized Hoodie - Black,9,1450,Facebook
2025-01-10,Oversized Hoodie - Black,14,1450,Facebook
2025-01-11,Oversized Hoodie - Black,10,1450,Facebook
2025-01-12,Oversized Hoodie - Black,6,1450,Facebook
2025-01-13,Oversized Hoodie - Black,6,1450,Facebook
2025-01-14,Oversized Hoodie - Black,8,1450,Instagram
2025-01-15,Oversized Hoodie - Black,3,1450,Facebook
2025-01-16,Oversized Hoodie - Black,3,1450,Facebook
2025-01-17,Oversized Hoodie - Black,8,1450,Website
2025-01-18,Oversized Hoodie - Black,8,1450,Facebook
2025-01-19,Oversized Hoodie - Black,6,1450,Facebook
2025-01-20,Oversized Hoodie - Black,11,1450,Facebook
2025-01-21,Oversized Hoodie - Black,3,1450,Facebook
2025-01-22,Oversized Hoodie - Black,6,1450,Website
2025-01-23,Oversized Hoodie - Black,4,1450,Facebook
2025-01-24,Oversized Hoodie - Black,16,1450,Facebook
2025-01-25,Oversized Hoodie - Black,9,1450,Website
2025-01-26,Oversized Hoodie - Black,7,1450,Facebook
2025-01-27,Oversized Hoodie - Black,4,1450,Instagram
2025-01-28,Oversized Hoodie - Black,8,1450,Facebook
2025-01-29,Oversized Hoodie - Black,2,1450,Facebook
2025-01-30,Oversized Hoodie - Black,7,1450,Facebook
2025-01-31,Oversized Hoodie - Black,5,1450,Facebook
2025-02-01,Oversized Hoodie - Black,6,1450,Website
2025-02-02,Oversized Hoodie - Black,7,1450,Facebook
2025-02-03,Oversized Hoodie - Black,6,1450,Facebook
2025-02-04,Oversized Hoodie - Black,6,1450,Website
2025-02-05,Oversized Hoodie - Black,6,1450,Facebook
2025-02-06,Oversized Hoodie - Black,5,1450,Facebook
2025-02-07,Oversized Hoodie - Black,10,1450,Facebook
2025-02-08,Oversized Hoodie - Black,7,1450,Facebook
2025-02-09,Oversized Hoodie - Black,5,1450,Facebook
2025-02-10,Oversized Hoodie - Black,6,1450,Website
2025-02-11,Oversized Hoodie - Black,4,1450,Website
2025-02-12,Oversized Hoodie - Black,2,1450,Instagram
2025-02-13,Oversized Hoodie - Black,8,1450,Website
2025-02-14,Oversized Hoodie - Black,10,1450,Instagram
2025-02-15,Oversized Hoodie - Black,6,1450,Website
2025-02-16,Oversized Hoodie - Black,8,1450,Facebook
2025-02-17,Oversized Hoodie - Black,3,1450,Facebook
2025-02-18,Oversized Hoodie - Black,2,1450,Facebook
2025-02-19,Oversized Hoodie - Black,7,1450,Facebook
2025-02-20,Oversized Hoodie - Black,3,1450,Facebook
2025-02-21,Oversized Hoodie - Black,5,1450,Website
2025-02-22,Oversized Hoodie - Black,7,1450,Website
2025-02-23,Oversized Hoodie - Black,8,1450,Website
2025-02-24,Oversized Hoodie - Black,2,1450,Facebook
2025-02-25,Oversized Hoodie - Black,1,1450,Facebook
2025-02-26,Oversized Hoodie - Black,5,1450,Facebook
2025-02-27,Oversized Hoodie - Black,3,1450,Instagram
2025-02-28,Oversized Hoodie - Black,9,1450,Facebook
2025-03-01,Oversized Hoodie - Black,7,1450,Facebook
2025-03-02,Oversized Hoodie - Black,3,1450,Facebook
2025-03-03,Oversized Hoodie - Black,2,1450,Facebook
2025-03-04,Oversized Hoodie - Black,4,1450,Instagram
2025-03-05,Oversized Hoodie - Black,5,1450,Facebook
2025-03-06,Oversized Hoodie - Black,4,1450,Facebook
2025-03-07,Oversized Hoodie - Black,6,1450,Facebook
2025-03-08,Oversized Hoodie - Black,4,1450,Facebook
2025-03-09,Oversized Hoodie - Black,4,1450,Facebook
2025-03-10,Oversized Hoodie - Black,3,1450,Facebook
2025-03-11,Oversized Hoodie - Black,3,1450,Facebook
2025-03-12,Oversized Hoodie - Black,5,1450,Facebook
2025-03-13,Oversized Hoodie - Black,3,1450,Facebook
2025-03-14,Oversized Hoodie - Black,4,1450,Website
2025-03-15,Oversized Hoodie - Black,4,1450,Website
2025-03-16,Oversized Hoodie - Black,6,1450,Website
2025-03-17,Oversized Hoodie - Black,2,1450,Instagram
2025-03-18,Oversized Hoodie - Black,3,1450,Website
2025-03-19,Oversized Hoodie - Black,3,1450,Facebook
2025-03-20,Oversized Hoodie - Black,5,1450,Facebook
2025-03-21,Oversized Hoodie - Black,3,1450,Facebook
2025-03-22,Oversized Hoodie - Black,2,1450,Facebook
2025-03-23,Oversized Hoodie - Black,2,1450,Facebook
2025-03-24,Oversized Hoodie - Black,3,1450,Facebook
2025-03-25,Oversized Hoodie - Black,7,1450,Facebook
2025-03-26,Oversized Hoodie - Black,3,1450,Facebook
2025-03-27,Oversized Hoodie - Black,4,1450,Website
2025-03-28,Oversized Hoodie - Black,3,1450,Facebook
2025-03-29,Oversized Hoodie - Black,5,1450,Facebook
2025-03-30,Oversized Hoodie - Black,2,1450,Facebook
2025-03-31,Oversized Hoodie - Black,4,1450,Facebook
2025-04-01,Oversized Hoodie - Black,3,1450,Website
2025-04-02,Oversized Hoodie - Black,1,1450,Facebook
2025-04-03,Oversized Hoodie - Black,5,1450,Facebook
2025-04-04,Oversized Hoodie - Black,5,1450,Facebook
2025-04-05,Oversized Hoodie - Black,4,1450,Facebook
2025-04-06,Oversized Hoodie - Black,4,1450,Instagram
2025-04-07,Oversized Hoodie - Black,1,1450,Facebook
2025-04-08,Oversized Hoodie - Black,3,1450,Facebook
2025-04-09,Oversized Hoodie - Black,2,1450,Facebook
2025-04-10,Oversized Hoodie - Black,4,1450,Facebook
2025-04-11,Oversized Hoodie - Black,6,1450,Facebook
2025-04-12,Oversized Hoodie - Black,3,1450,Website
2025-04-13,Oversized Hoodie - Black,2,1450,Facebook
2025-04-14,Oversized Hoodie - Black,2,1450,Website
2025-04-15,Oversized Hoodie - Black,2,1450,Facebook
2025-04-16,Oversized Hoodie - Black,3,1450,Website
2025-04-17,Oversized Hoodie - Black,1,1450,Facebook
2025-04-18,Oversized Hoodie - Black,5,1450,Facebook
2025-04-19,Oversized Hoodie - Black,1,1450,Facebook
2025-04-20,Oversized Hoodie - Black,1,1450,Website
2025-04-22,Oversized Hoodie - Black,1,1450,Facebook
2025-04-23,Oversized Hoodie - Black,2,1450,Facebook
2025-04-25,Oversized Hoodie - Black,2,1450,Facebook
2025-04-26,Oversized Hoodie - Black,2,1450,Facebook
2025-04-27,Oversized Hoodie - Black,1,1450,Facebook
2025-04-28,Oversized Hoodie - Black,2,1450,Facebook
2025-04-29,Oversized Hoodie - Black,2,1450,Website
2025-04-30,Oversized Hoodie - Black,3,1450,Website
2025-05-02,Oversized Hoodie - Black,4,1450,Facebook
2025-05-03,Oversized Hoodie - Black,1,1450,Facebook
2025-05-04,Oversized Hoodie - Black,3,1450,Facebook
2025-05-05,Oversized Hoodie - Black,1,1450,Facebook
2025-05-06,Oversized Hoodie - Black,1,1450,Facebook
2025-05-07,Oversized Hoodie - Black,1,1450,Instagram
2025-05-08,Oversized Hoodie - Black,1,1450,Facebook
2025-05-11,Oversized Hoodie - Black,1,1450,Instagram
2025-05-13,Oversized Hoodie - Black,1,1450,Facebook
2025-05-15,Oversized Hoodie - Black,1,1450,Facebook
2025-05-16,Oversized Hoodie - Black,2,1450,Facebook
2025-05-17,Oversized Hoodie - Black,2,1450,Facebook
2025-05-18,Oversized Hoodie - Black,2,1450,Instagram
2025-05-19,Oversized Hoodie - Black,1,1450,Website
2025-05-21,Oversized Hoodie - Black,1,1450,Instagram
2025-05-22,Oversized Hoodie - Black,1,1450,Facebook
2025-05-24,Oversized Hoodie - Black,2,1450,Facebook
2025-05-26,Oversized Hoodie - Black,3,1450,Website
2025-05-30,Oversized Hoodie - Black,1,1450,Instagram
2025-06-04,Oversized Hoodie - Black,1,1450,Facebook
2025-06-05,Oversized Hoodie - Black,2,1450,Website
2025-06-06,Oversized Hoodie - Black,2,1450,Facebook
2025-06-09,Oversized Hoodie - Black,1,1450,Website
2025-06-11,Oversized Hoodie - Black,1,1450,Facebook
2025-06-12,Oversized Hoodie - Black,1,1450,Instagram
2025-06-16,Oversized Hoodie - Black,1,1450,Instagram
2025-06-19,Oversized Hoodie - Black,1,1450,Facebook
2025-06-22,Oversized Hoodie - Black,1,1450,Facebook
2025-06-26,Oversized Hoodie - Black,2,1450,Facebook
2025-06-27,Oversized Hoodie - Black,1,1450,Facebook
2025-06-28,Oversized Hoodie - Black,1,1450,Facebook
2025-07-01,Oversized Hoodie - Black,1,1450,Facebook
2025-07-02,Oversized Hoodie - Black,1,1450,Facebook
2025-07-03,Oversized Hoodie - Black,1,1450,Facebook
2025-07-04,Oversized Hoodie - Black,2,1450,Facebook
2025-07-05,Oversized Hoodie - Black,2,1450,Instagram
2025-07-07,Oversized Hoodie - Black,1,1450,Facebook
2025-07-12,Oversized Hoodie - Black,1,1450,Instagram
2025-07-14,Oversized Hoodie - Black,1,1450,Facebook
2025-07-19,Oversized Hoodie - Black,1,1450,Facebook
2025-07-20,Oversized Hoodie - Black,2,1450,Instagram
2025-07-25,Oversized Hoodie - Black,1,1450,Facebook
2025-07-26,Oversized Hoodie - Black,2,1450,Facebook
2025-07-28,Oversized Hoodie - Black,1,1450,Facebook
2025-07-30,Oversized Hoodie - Black,1,1450,Instagram
2025-08-02,Oversized Hoodie - Black,1,1450,Facebook
2025-08-04,Oversized Hoodie - Black,1,1450,Facebook
2025-08-05,Oversized Hoodie - Black,1,1450,Facebook
2025-08-06,Oversized Hoodie - Black,1,1450,Facebook
2025-08-07,Oversized Hoodie - Black,1,1450,Website
2025-08-12,Oversized Hoodie - Black,1,1450,Facebook
2025-08-16,Oversized Hoodie - Black,1,1450,Website
2025-08-17,Oversized Hoodie - Black,1,1450,Instagram
2025-08-18,Oversized Hoodie - Black,2,1450,Facebook
2025-08-19,Oversized Hoodie - Black,2,1450,Facebook
2025-08-21,Oversized Hoodie - Black,2,1450,Facebook
2025-08-22,Oversized Hoodie - Black,1,1450,Facebook
2025-08-23,Oversized Hoodie - Black,2,1450,Facebook
2025-08-24,Oversized Hoodie - Black,2,1450,Facebook
2025-08-25,Oversized Hoodie - Black,1,1450,Facebook
2025-08-27,Oversized Hoodie - Black,2,1450,Website
2025-08-28,Oversized Hoodie - Black,1,1450,Facebook
2025-08-30,Oversized Hoodie - Black,3,1450,Instagram
2025-08-31,Oversized Hoodie - Black,1,1450,Facebook
2025-09-01,Oversized Hoodie - Black,1,1450,Facebook
2025-09-02,Oversized Hoodie - Black,1,1450,Facebook
2025-09-03,Oversized Hoodie - Black,1,1450,Facebook
2025-09-07,Oversized Hoodie - Black,3,1450,Facebook
2025-09-09,Oversized Hoodie - Black,2,1450,Website
2025-09-10,Oversized Hoodie - Black,1,1450,Instagram
2025-09-12,Oversized Hoodie - Black,2,1450,Facebook
2025-09-13,Oversized Hoodie - Black,1,1450,Website
2025-09-14,Oversized Hoodie - Black,1,1450,Facebook
2025-09-16,Oversized Hoodie - Black,1,1450,Facebook
2025-09-17,Oversized Hoodie - Black,3,1450,Facebook
2025-09-18,Oversized Hoodie - Black,2,1450,Instagram
2025-09-19,Oversized Hoodie - Black,6,1450,Facebook
2025-09-20,Oversized Hoodie - Black,2,1450,Website
2025-09-21,Oversized Hoodie - Black,1,1450,Facebook
2025-09-22,Oversized Hoodie - Black,1,1450,Website
2025-09-23,Oversized Hoodie - Black,4,1450,Facebook
2025-09-24,Oversized Hoodie - Black,1,1450,Facebook
2025-09-26,Oversized Hoodie - Black,5,1450,Website
2025-09-27,Oversized Hoodie - Black,4,1450,Facebook
2025-09-28,Oversized Hoodie - Black,3,1450,Facebook
2025-09-29,Oversized Hoodie - Black,3,1450,Website
2025-09-30,Oversized Hoodie - Black,2,1450,Facebook
2025-10-01,Oversized Hoodie - Black,2,1450,Facebook
2025-10-02,Oversized Hoodie - Black,1,1450,Facebook
2025-10-03,Oversized Hoodie - Black,2,1450,Facebook
2025-10-04,Oversized Hoodie - Black,2,1450,Facebook
2025-10-05,Oversized Hoodie - Black,4,1450,Facebook
2025-10-06,Oversized Hoodie - Black,2,1450,Website
2025-10-07,Oversized Hoodie - Black,4,1450,Instagram
2025-10-08,Oversized Hoodie - Black,4,1450,Website
2025-10-09,Oversized Hoodie - Black,3,1450,Facebook
2025-10-10,Oversized Hoodie - Black,1,1450,Facebook
2025-10-11,Oversized Hoodie - Black,2,1450,Website
2025-10-12,Oversized Hoodie - Black,4,1450,Website
2025-10-13,Oversized Hoodie - Black,7,1450,Website
2025-10-14,Oversized Hoodie - Black,4,1450,Facebook
2025-10-15,Oversized Hoodie - Black,2,1450,Facebook
2025-10-16,Oversized Hoodie - Black,1,1450,Instagram
2025-10-17,Oversized Hoodie - Black,3,1450,Facebook
2025-10-18,Oversized Hoodie - Black,4,1450,Facebook
2025-10-19,Oversized Hoodie - Black,2,1450,Instagram
2025-10-20,Oversized Hoodie - Black,4,1450,Facebook
2025-10-21,Oversized Hoodie - Black,2,1450,Instagram
2025-10-22,Oversized Hoodie - Black,1,1450,Facebook
2025-10-23,Oversized Hoodie - Black,2,1450,Facebook
2025-10-24,Oversized Hoodie - Black,4,1450,Facebook
2025-10-25,Oversized Hoodie - Black,7,1450,Website
2025-10-26,Oversized Hoodie - Black,3,1450,Facebook
2025-10-27,Oversized Hoodie - Black,4,1450,Website
2025-10-28,Oversized Hoodie - Black,1,1450,Facebook
2025-10-29,Oversized Hoodie - Black,4,1450,Website
2025-10-30,Oversized Hoodie - Black,6,1450,Facebook
2025-10-31,Oversized Hoodie - Black,2,1450,Facebook
2025-11-01,Oversized Hoodie - Black,8,1450,Facebook
2025-11-02,Oversized Hoodie - Black,6,1450,Website
2025-11-03,Oversized Hoodie - Black,1,1450,Facebook
2025-11-04,Oversized Hoodie - Black,10,1450,Website
2025-11-05,Oversized Hoodie - Black,3,1450,Facebook
2025-11-06,Oversized Hoodie - Black,2,1450,Website
2025-11-07,Oversized Hoodie - Black,10,1450,Instagram
2025-11-08,Oversized Hoodie - Black,5,1450,Facebook
2025-11-09,Oversized Hoodie - Black,6,1450,Facebook
2025-11-10,Oversized Hoodie - Black,10,1450,Instagram
2025-11-11,Oversized Hoodie - Black,1,1450,Instagram
2025-11-12,Oversized Hoodie - Black,7,1450,Instagram
2025-11-13,Oversized Hoodie - Black,8,1450,Facebook
2025-11-14,Oversized Hoodie - Black,11,1450,Facebook
2025-11-15,Oversized Hoodie - Black,4,1450,Facebook
2025-11-16,Oversized Hoodie - Black,4,1450,Facebook
2025-11-17,Oversized Hoodie - Black,7,1450,Facebook
2025-11-18,Oversized Hoodie - Black,6,1450,Facebook
2025-11-19,Oversized Hoodie - Black,10,1450,Facebook
2025-11-20,Oversized Hoodie - Black,5,1450,Facebook
2025-11-21,Oversized Hoodie - Black,7,1450,Facebook
2025-11-22,Oversized Hoodie - Black,11,1450,Facebook
2025-11-23,Oversized Hoodie - Black,6,1450,Website
2025-11-24,Oversized Hoodie - Black,3,1450,Facebook
2025-11-25,Oversized Hoodie - Black,8,1450,Instagram
2025-11-26,Oversized Hoodie - Black,5,1450,Instagram
2025-11-27,Oversized Hoodie - Black,7,1450,Instagram
2025-11-28,Oversized Hoodie - Black,11,1450,Website
2025-11-29,Oversized Hoodie - Black,10,1450,Facebook
2025-11-30,Oversized Hoodie - Black,4,1450,Facebook
2025-12-01,Oversized Hoodie - Black,11,1450,Facebook
2025-12-02,Oversized Hoodie - Black,8,1450,Facebook
2025-12-03,Oversized Hoodie - Black,13,1450,Facebook
2025-12-04,Oversized Hoodie - Black,10,1450,Instagram
2025-12-05,Oversized Hoodie - Black,11,1450,Instagram
2025-12-06,Oversized Hoodie - Black,5,1450,Website
2025-12-07,Oversized Hoodie - Black,11,1450,Facebook
2025-12-08,Oversized Hoodie - Black,7,1450,Instagram
2025-12-09,Oversized Hoodie - Black,7,1450,Website
2025-12-10,Oversized Hoodie - Black,5,1450,Facebook
2025-12-11,Oversized Hoodie - Black,4,1450,Facebook
2025-12-12,Oversized Hoodie - Black,18,1450,Facebook
2025-12-13,Oversized Hoodie - Black,9,1450,Facebook
2025-12-14,Oversized Hoodie - Black,6,1450,Website
2025-12-15,Oversized Hoodie - Black,7,1450,Facebook
2025-12-16,Oversized Hoodie - Black,4,1450,Facebook
2025-12-17,Oversized Hoodie - Black,7,1450,Facebook
2025-12-18,Oversized Hoodie - Black,4,1450,Instagram
2025-12-19,Oversized Hoodie - Black,15,1450,Facebook
2025-12-20,Oversized Hoodie - Black,10,1450,Website
2025-12-21,Oversized Hoodie - Black,5,1450,Facebook
2025-12-22,Oversized Hoodie - Black,8,1450,Website
2025-12-23,Oversized Hoodie - Black,8,1450,Website
2025-12-24,Oversized Hoodie - Black,13,1450,Website
2025-12-25,Oversized Hoodie - Black,10,1450,Website
2025-12-26,Oversized Hoodie - Black,10,1450,Facebook
2025-12-27,Oversized Hoodie - Black,7,1450,Facebook
2025-12-28,Oversized Hoodie - Black,6,1450,Facebook
2025-12-29,Oversized Hoodie - Black,4,1450,Facebook
2025-12-30,Oversized Hoodie - Black,12,1450,Facebook
2025-12-31,Oversized Hoodie - Black,9,1450,Website
2026-01-01,Oversized Hoodie - Black,6,1450,Facebook
2026-01-02,Oversized Hoodie - Black,15,1450,Facebook
2026-01-03,Oversized Hoodie - Black,6,1450,Website
2026-01-04,Oversized Hoodie - Black,8,1450,Website
2026-01-05,Oversized Hoodie - Black,8,1450,Instagram
2026-01-06,Oversized Hoodie - Black,12,1450,Facebook
2026-01-07,Oversized Hoodie - Black,8,1450,Facebook
2026-01-08,Oversized Hoodie - Black,14,1450,Website
2026-01-09,Oversized Hoodie - Black,12,1450,Facebook
2026-01-10,Oversized Hoodie - Black,8,1450,Website
2026-01-11,Oversized Hoodie - Black,3,1450,Facebook
2026-01-12,Oversized Hoodie - Black,7,1450,Facebook
2026-01-13,Oversized Hoodie - Black,7,1450,Facebook
2026-01-14,Oversized Hoodie - Black,5,1450,Website
2026-01-15,Oversized Hoodie - Black,7,1450,Facebook
2026-01-16,Oversized Hoodie - Black,18,1450,Facebook
2026-01-17,Oversized Hoodie - Black,9,1450,Facebook
2026-01-18,Oversized Hoodie - Black,10,1450,Facebook
2026-01-19,Oversized Hoodie - Black,3,1450,Facebook
2026-01-20,Oversized Hoodie - Black,13,1450,Facebook
2026-01-21,Oversized Hoodie - Black,6,1450,Facebook
2026-01-22,Oversized Hoodie - Black,6,1450,Facebook
2026-01-23,Oversized Hoodie - Black,12,1450,Facebook
2026-01-24,Oversized Hoodie - Black,11,1450,Facebook
2026-01-25,Oversized Hoodie - Black,7,1450,Facebook
2026-01-26,Oversized Hoodie - Black,6,1450,Facebook
2026-01-27,Oversized Hoodie - Black,5,1450,Instagram
2026-01-28,Oversized Hoodie - Black,6,1450,Instagram
2026-01-29,Oversized Hoodie - Black,8,1450,Facebook
2026-01-30,Oversized Hoodie - Black,13,1450,Facebook
2026-01-31,Oversized Hoodie - Black,14,1450,Facebook
2026-02-01,Oversized Hoodie - Black,9,1450,Facebook
2026-02-02,Oversized Hoodie - Black,9,1450,Facebook
2026-02-03,Oversized Hoodie - Black,6,1450,Facebook
2026-02-04,Oversized Hoodie - Black,11,1450,Facebook
2026-02-05,Oversized Hoodie - Black,6,1450,Facebook
2026-02-06,Oversized Hoodie - Black,11,1450,Website
2026-02-07,Oversized Hoodie - Black,11,1450,Facebook
2026-02-08,Oversized Hoodie - Black,7,1450,Instagram
2026-02-09,Oversized Hoodie - Black,7,1450,Website
2026-02-10,Oversized Hoodie - Black,12,1450,Facebook
2026-02-11,Oversized Hoodie - Black,5,1450,Website
2026-02-12,Oversized Hoodie - Black,6,1450,Instagram
2026-02-13,Oversized Hoodie - Black,14,1450,Facebook
2026-02-14,Oversized Hoodie - Black,4,1450,Facebook
2026-02-15,Oversized Hoodie - Black,6,1450,Facebook
2026-02-16,Oversized Hoodie - Black,7,1450,Facebook
2026-02-17,Oversized Hoodie - Black,7,1450,Facebook
2026-02-18,Oversized Hoodie - Black,2,1450,Facebook
2026-02-19,Oversized Hoodie - Black,3,1450,Website
2026-02-20,Oversized Hoodie - Black,13,1450,Facebook
2026-02-21,Oversized Hoodie - Black,8,1450,Facebook
2026-02-22,Oversized Hoodie - Black,8,1450,Instagram
2026-02-23,Oversized Hoodie - Black,5,1450,Facebook
2026-02-24,Oversized Hoodie - Black,3,1450,Facebook
2026-02-25,Oversized Hoodie - Black,8,1450,Instagram
2026-02-26,Oversized Hoodie - Black,8,1450,Facebook
2026-02-27,Oversized Hoodie - Black,10,1450,Facebook
2026-02-28,Oversized Hoodie - Black,8,1450,Facebook
2026-03-01,Oversized Hoodie - Black,5,1450,Website
2026-03-02,Oversized Hoodie - Black,4,1450,Facebook
2026-03-03,Oversized Hoodie - Black,6,1450,Facebook
2026-03-04,Oversized Hoodie - Black,7,1450,Facebook
2026-03-05,Oversized Hoodie - Black,4,1450,Facebook
2026-03-06,Oversized Hoodie - Black,12,1450,Instagram
2026-03-07,Oversized Hoodie - Black,9,1450,Website
2026-03-08,Oversized Hoodie - Black,7,1450,Instagram
2026-03-09,Oversized Hoodie - Black,1,1450,Facebook
2026-03-10,Oversized Hoodie - Black,7,1450,Facebook
2026-03-11,Oversized Hoodie - Black,4,1450,Facebook
2026-03-12,Oversized Hoodie - Black,8,1450,Facebook
2026-03-13,Oversized Hoodie - Black,11,1450,Facebook
2026-03-14,Oversized Hoodie - Black,6,1450,Facebook
2026-03-15,Oversized Hoodie - Black,4,1450,Facebook
2026-03-16,Oversized Hoodie - Black,4,1450,Facebook
2026-03-17,Oversized Hoodie - Black,8,1450,Instagram
2026-03-18,Oversized Hoodie - Black,4,1450,Facebook
2026-03-19,Oversized Hoodie - Black,9,1450,Website
2026-03-20,Oversized Hoodie - Black,12,1450,Facebook
2026-03-21,Oversized Hoodie - Black,10,1450,Facebook
2026-03-22,Oversized Hoodie - Black,11,1450,Instagram
2026-03-23,Oversized Hoodie - Black,1,1450,Facebook
2026-03-24,Oversized Hoodie - Black,5,1450,Facebook
2026-03-26,Oversized Hoodie - Black,4,1450,Facebook
2026-03-27,Oversized Hoodie - Black,7,1450,Facebook
2026-03-28,Oversized Hoodie - Black,4,1450,Facebook
2026-03-29,Oversized Hoodie - Black,2,1450,Website
2026-03-30,Oversized Hoodie - Black,2,1450,Website
2026-03-31,Oversized Hoodie - Black,2,1450,Facebook
2026-04-01,Oversized Hoodie - Black,7,1450,Facebook
2026-04-02,Oversized Hoodie - Black,6,1450,Facebook
2026-04-03,Oversized Hoodie - Black,6,1450,Website
2026-04-04,Oversized Hoodie - Black,4,1450,Facebook
2026-04-05,Oversized Hoodie - Black,5,1450,Facebook
2026-04-06,Oversized Hoodie - Black,2,1450,Facebook
2026-04-07,Oversized Hoodie - Black,4,1450,Facebook
2026-04-09,Oversized Hoodie - Black,4,1450,Website
2026-04-10,Oversized Hoodie - Black,4,1450,Instagram
2026-04-11,Oversized Hoodie - Black,3,1450,Facebook
2026-04-12,Oversized Hoodie - Black,1,1450,Website
2026-04-13,Oversized Hoodie - Black,2,1450,Facebook
2026-04-14,Oversized Hoodie - Black,2,1450,Instagram
2026-04-15,Oversized Hoodie - Black,2,1450,Facebook
2026-04-16,Oversized Hoodie - Black,1,1450,Facebook
2026-04-17,Oversized Hoodie - Black,3,1450,Facebook
2026-04-18,Oversized Hoodie - Black,2,1450,Facebook
2026-04-19,Oversized Hoodie - Black,6,1450,Facebook
2026-04-20,Oversized Hoodie - Black,1,1450,Instagram
2026-04-21,Oversized Hoodie - Black,1,1450,Website
2026-04-22,Oversized Hoodie - Black,1,1450,Facebook
2026-04-23,Oversized Hoodie - Black,1,1450,Website
2026-04-24,Oversized Hoodie - Black,2,1450,Facebook
2026-04-25,Oversized Hoodie - Black,2,1450,Instagram
2026-04-26,Oversized Hoodie - Black,3,1450,Website
2026-04-27,Oversized Hoodie - Black,1,1450,Facebook
2026-04-29,Oversized Hoodie - Black,1,1450,Facebook
2026-04-30,Oversized Hoodie - Black,2,1450,Facebook
2026-05-02,Oversized Hoodie - Black,1,1450,Facebook
2026-05-03,Oversized Hoodie - Black,1,1450,Facebook
2026-05-04,Oversized Hoodie - Black,1,1450,Facebook
2026-05-05,Oversized Hoodie - Black,1,1450,Instagram
2026-05-07,Oversized Hoodie - Black,1,1450,Facebook
2026-05-08,Oversized Hoodie - Black,1,1450,Facebook
2026-05-09,Oversized Hoodie - Black,1,1450,Facebook
2026-05-12,Oversized Hoodie - Black,1,1450,Facebook
2026-05-13,Oversized Hoodie - Black,1,1450,Website
2026-05-14,Oversized Hoodie - Black,1,1450,Facebook
2026-05-15,Oversized Hoodie - Black,1,1450,Instagram
2026-05-16,Oversized Hoodie - Black,2,1450,Facebook
2026-05-18,Oversized Hoodie - Black,1,1450,Facebook
2026-05-21,Oversized Hoodie - Black,3,1450,Website
2026-05-22,Oversized Hoodie - Black,2,1450,Facebook
2026-05-23,Oversized Hoodie - Black,3,1450,Instagram
2026-05-27,Oversized Hoodie - Black,3,1450,Facebook
2026-05-29,Oversized Hoodie - Black,1,1450,Facebook
2026-06-01,Oversized Hoodie - Black,2,1450,Website
2026-06-04,Oversized Hoodie - Black,1,1450,Instagram
2026-06-05,Oversized Hoodie - Black,2,1450,Instagram
2026-06-07,Oversized Hoodie - Black,3,1450,Facebook
2026-06-10,Oversized Hoodie - Black,2,1450,Facebook
2026-06-12,Oversized Hoodie - Black,1,1450,Facebook
2026-06-13,Oversized Hoodie - Black,1,1450,Website
2026-06-14,Oversized Hoodie - Black,2,1450,Facebook
2026-06-16,Oversized Hoodie - Black,2,1450,Website
2026-06-18,Oversized Hoodie - Black,2,1450,Website
2026-06-19,Oversized Hoodie - Black,1,1450,Facebook
2026-06-20,Oversized Hoodie - Black,3,1450,Facebook
2026-06-21,Oversized Hoodie - Black,1,1450,Facebook
2026-06-23,Oversized Hoodie - Black,3,1450,Instagram
2026-06-25,Oversized Hoodie - Black,1,1450,Facebook
2026-06-27,Oversized Hoodie - Black,1,1450,Website
2026-06-28,Oversized Hoodie - Black,1,1450,Instagram
2026-06-30,Oversized Hoodie - Black,1,1450,Facebook
2026-07-03,Oversized Hoodie - Black,1,1450,Instagram
2026-07-05,Oversized Hoodie - Black,1,1450,Facebook
2026-07-06,Oversized Hoodie - Black,2,1450,Facebook
2026-07-08,Oversized Hoodie - Black,1,1450,Facebook
2026-07-10,Oversized Hoodie - Black,1,1450,Website
2026-07-13,Oversized Hoodie - Black,1,1450,Facebook
2026-07-18,Oversized Hoodie - Black,1,1450,Website
2026-07-20,Oversized Hoodie - Black,2,1450,Facebook
2026-07-22,Oversized Hoodie - Black,1,1450,Website
2026-07-23,Oversized Hoodie - Black,1,1450,Facebook
2026-07-24,Oversized Hoodie - Black,1,1450,Facebook
2026-07-25,Oversized Hoodie - Black,3,1450,Website
2026-07-27,Oversized Hoodie - Black,1,1450,Facebook
2026-07-28,Oversized Hoodie - Black,2,1450,Facebook
2026-08-03,Oversized Hoodie - Black,1,1450,Website
2026-08-04,Oversized Hoodie - Black,1,1450,Instagram
2026-08-06,Oversized Hoodie - Black,1,1450,Facebook
2026-08-07,Oversized Hoodie - Black,2,1450,Facebook
2026-08-08,Oversized Hoodie - Black,1,1450,Website
2026-08-14,Oversized Hoodie - Black,1,1450,Facebook
2026-08-17,Oversized Hoodie - Black,1,1450,Instagram
2026-08-19,Oversized Hoodie - Black,1,1450,Website
2026-08-20,Oversized Hoodie - Black,1,1450,Facebook
2026-08-23,Oversized Hoodie - Black,1,1450,Instagram
2026-08-24,Oversized Hoodie - Black,2,1450,Facebook
2026-08-27,Oversized Hoodie - Black,1,1450,Website
2026-08-29,Oversized Hoodie - Black,2,1450,Instagram
2026-08-30,Oversized Hoodie - Black,1,1450,Facebook
2026-08-31,Oversized Hoodie - Black,1,1450,Instagram
2026-09-01,Oversized Hoodie - Black,1,1450,Facebook
2026-09-03,Oversized Hoodie - Black,2,1450,Facebook
2026-09-04,Oversized Hoodie - Black,2,1450,Website
2026-09-05,Oversized Hoodie - Black,1,1450,Facebook
2026-09-06,Oversized Hoodie - Black,1,1450,Website
2026-09-07,Oversized Hoodie - Black,1,1450,Facebook
2026-09-08,Oversized Hoodie - Black,1,1450,Website
2026-09-09,Oversized Hoodie - Black,2,1450,Website
2026-09-11,Oversized Hoodie - Black,2,1450,Facebook
2026-09-12,Oversized Hoodie - Black,5,1450,Instagram
2026-09-13,Oversized Hoodie - Black,2,1450,Website
2026-09-14,Oversized Hoodie - Black,2,1450,Instagram
2026-09-15,Oversized Hoodie - Black,4,1450,Facebook
2026-09-18,Oversized Hoodie - Black,2,1450,Facebook
2026-09-19,Oversized Hoodie - Black,2,1450,Website
2026-09-20,Oversized Hoodie - Black,4,1450,Facebook
2026-09-21,Oversized Hoodie - Black,1,1450,Instagram
2026-09-22,Oversized Hoodie - Black,1,1450,Facebook
2026-09-23,Oversized Hoodie - Black,1,1450,Website
2026-09-24,Oversized Hoodie - Black,1,1450,Facebook
2026-09-25,Oversized Hoodie - Black,3,1450,Website
2026-09-26,Oversized Hoodie - Black,1,1450,Instagram
2026-09-27,Oversized Hoodie - Black,1,1450,Instagram
2026-09-28,Oversized Hoodie - Black,1,1450,Facebook
2026-09-29,Oversized Hoodie - Black,3,1450,Facebook
2026-09-30,Oversized Hoodie - Black,2,1450,Facebook
2024-01-01,Oversized Hoodie - Ash Grey,4,1450,Facebook
2024-01-02,Oversized Hoodie - Ash Grey,6,1450,Facebook
2024-01-03,Oversized Hoodie - Ash Grey,4,1450,Facebook
2024-01-04,Oversized Hoodie - Ash Grey,5,1450,Facebook
2024-01-05,Oversized Hoodie - Ash Grey,2,1450,Facebook
2024-01-06,Oversized Hoodie - Ash Grey,8,1450,Facebook
2024-01-07,Oversized Hoodie - Ash Grey,5,1450,Facebook
2024-01-08,Oversized Hoodie - Ash Grey,2,1450,Facebook
2024-01-09,Oversized Hoodie - Ash Grey,1,1450,Website
2024-01-11,Oversized Hoodie - Ash Grey,2,1450,Website
2024-01-12,Oversized Hoodie - Ash Grey,1,1450,Website
2024-01-13,Oversized Hoodie - Ash Grey,2,1450,Website
2024-01-14,Oversized Hoodie - Ash Grey,4,1450,Instagram
2024-01-15,Oversized Hoodie - Ash Grey,3,1450,Facebook
2024-01-16,Oversized Hoodie - Ash Grey,3,1450,Facebook
2024-01-17,Oversized Hoodie - Ash Grey,1,1450,Facebook
2024-01-18,Oversized Hoodie - Ash Grey,3,1450,Website
2024-01-19,Oversized Hoodie - Ash Grey,3,1450,Facebook
2024-01-20,Oversized Hoodie - Ash Grey,5,1450,Facebook
2024-01-21,Oversized Hoodie - Ash Grey,2,1450,Facebook
2024-01-22,Oversized Hoodie - Ash Grey,3,1450,Instagram
2024-01-23,Oversized Hoodie - Ash Grey,2,1450,Website
2024-01-24,Oversized Hoodie - Ash Grey,3,1450,Facebook
2024-01-25,Oversized Hoodie - Ash Grey,3,1450,Website
2024-01-26,Oversized Hoodie - Ash Grey,4,1450,Facebook
2024-01-27,Oversized Hoodie - Ash Grey,5,1450,Facebook
2024-01-28,Oversized Hoodie - Ash Grey,4,1450,Facebook
2024-01-31,Oversized Hoodie - Ash Grey,3,1450,Instagram
2024-02-01,Oversized Hoodie - Ash Grey,4,1450,Facebook
2024-02-02,Oversized Hoodie - Ash Grey,1,1450,Website
2024-02-03,Oversized Hoodie - Ash Grey,1,1450,Facebook
2024-02-04,Oversized Hoodie - Ash Grey,3,1450,Facebook
2024-02-06,Oversized Hoodie - Ash Grey,2,1450,Facebook
2024-02-07,Oversized Hoodie - Ash Grey,2,1450,Facebook
2024-02-08,Oversized Hoodie - Ash Grey,3,1450,Facebook
2024-02-09,Oversized Hoodie - Ash Grey,5,1450,Facebook
2024-02-10,Oversized Hoodie - Ash Grey,3,1450,Website
2024-02-11,Oversized Hoodie - Ash Grey,5,1450,Facebook
2024-02-13,Oversized Hoodie - Ash Grey,6,1450,Facebook
2024-02-14,Oversized Hoodie - Ash Grey,3,1450,Website
2024-02-15,Oversized Hoodie - Ash Grey,3,1450,Instagram
2024-02-16,Oversized Hoodie - Ash Grey,6,1450,Facebook
2024-02-17,Oversized Hoodie - Ash Grey,2,1450,Facebook
2024-02-18,Oversized Hoodie - Ash Grey,4,1450,Facebook
2024-02-19,Oversized Hoodie - Ash Grey,3,1450,Facebook
2024-02-20,Oversized Hoodie - Ash Grey,2,1450,Facebook
2024-02-21,Oversized Hoodie - Ash Grey,4,1450,Facebook
2024-02-22,Oversized Hoodie - Ash Grey,3,1450,Instagram
2024-02-23,Oversized Hoodie - Ash Grey,4,1450,Website
2024-02-24,Oversized Hoodie - Ash Grey,9,1450,Facebook
2024-02-25,Oversized Hoodie - Ash Grey,2,1450,Facebook
2024-02-28,Oversized Hoodie - Ash Grey,3,1450,Facebook
2024-02-29,Oversized Hoodie - Ash Grey,1,1450,Instagram
2024-03-01,Oversized Hoodie - Ash Grey,3,1450,Facebook
2024-03-02,Oversized Hoodie - Ash Grey,5,1450,Website
2024-03-03,Oversized Hoodie - Ash Grey,3,1450,Facebook
2024-03-04,Oversized Hoodie - Ash Grey,3,1450,Facebook
2024-03-06,Oversized Hoodie - Ash Grey,3,1450,Website
2024-03-07,Oversized Hoodie - Ash Grey,3,1450,Facebook
2024-03-08,Oversized Hoodie - Ash Grey,4,1450,Facebook
2024-03-10,Oversized Hoodie - Ash Grey,2,1450,Facebook
2024-03-11,Oversized Hoodie - Ash Grey,1,1450,Website
2024-03-12,Oversized Hoodie - Ash Grey,1,1450,Facebook
2024-03-13,Oversized Hoodie - Ash Grey,1,1450,Instagram
2024-03-15,Oversized Hoodie - Ash Grey,1,1450,Facebook
2024-03-16,Oversized Hoodie - Ash Grey,3,1450,Instagram
2024-03-17,Oversized Hoodie - Ash Grey,1,1450,Facebook
2024-03-19,Oversized Hoodie - Ash Grey,2,1450,Website
2024-03-21,Oversized Hoodie - Ash Grey,4,1450,Facebook
2024-03-22,Oversized Hoodie - Ash Grey,1,1450,Facebook
2024-03-23,Oversized Hoodie - Ash Grey,2,1450,Instagram
2024-03-25,Oversized Hoodie - Ash Grey,1,1450,Facebook
2024-03-26,Oversized Hoodie - Ash Grey,2,1450,Facebook
2024-03-28,Oversized Hoodie - Ash Grey,2,1450,Facebook
2024-03-29,Oversized Hoodie - Ash Grey,1,1450,Instagram
2024-03-30,Oversized Hoodie - Ash Grey,1,1450,Website
2024-04-01,Oversized Hoodie - Ash Grey,3,1450,Facebook
2024-04-02,Oversized Hoodie - Ash Grey,1,1450,Facebook
2024-04-03,Oversized Hoodie - Ash Grey,2,1450,Facebook
2024-04-04,Oversized Hoodie - Ash Grey,2,1450,Facebook
2024-04-05,Oversized Hoodie - Ash Grey,5,1450,Instagram
2024-04-06,Oversized Hoodie - Ash Grey,1,1450,Instagram
2024-04-07,Oversized Hoodie - Ash Grey,4,1450,Website
2024-04-08,Oversized Hoodie - Ash Grey,1,1450,Facebook
2024-04-09,Oversized Hoodie - Ash Grey,3,1450,Facebook
2024-04-11,Oversized Hoodie - Ash Grey,3,1450,Facebook
2024-04-12,Oversized Hoodie - Ash Grey,3,1450,Website
2024-04-13,Oversized Hoodie - Ash Grey,1,1450,Facebook
2024-04-16,Oversized Hoodie - Ash Grey,2,1450,Facebook
2024-04-19,Oversized Hoodie - Ash Grey,2,1450,Facebook
2024-04-20,Oversized Hoodie - Ash Grey,2,1450,Facebook
2024-04-21,Oversized Hoodie - Ash Grey,1,1450,Instagram
2024-04-23,Oversized Hoodie - Ash Grey,2,1450,Facebook
2024-04-24,Oversized Hoodie - Ash Grey,1,1450,Instagram
2024-04-26,Oversized Hoodie - Ash Grey,2,1450,Facebook
2024-04-28,Oversized Hoodie - Ash Grey,1,1450,Facebook
2024-04-30,Oversized Hoodie - Ash Grey,1,1450,Facebook
2024-05-03,Oversized Hoodie - Ash Grey,1,1450,Website
2024-05-04,Oversized Hoodie - Ash Grey,2,1450,Instagram
2024-05-08,Oversized Hoodie - Ash Grey,1,1450,Facebook
2024-05-10,Oversized Hoodie - Ash Grey,1,1450,Instagram
2024-05-18,Oversized Hoodie - Ash Grey,1,1450,Instagram
2024-05-19,Oversized Hoodie - Ash Grey,1,1450,Instagram
2024-05-23,Oversized Hoodie - Ash Grey,2,1450,Facebook
2024-05-25,Oversized Hoodie - Ash Grey,2,1450,Facebook
2024-05-26,Oversized Hoodie - Ash Grey,1,1450,Facebook
2024-06-02,Oversized Hoodie - Ash Grey,1,1450,Facebook
2024-06-05,Oversized Hoodie - Ash Grey,1,1450,Facebook
2024-06-07,Oversized Hoodie - Ash Grey,1,1450,Facebook
2024-06-09,Oversized Hoodie - Ash Grey,1,1450,Website
2024-06-10,Oversized Hoodie - Ash Grey,1,1450,Facebook
2024-06-11,Oversized Hoodie - Ash Grey,2,1450,Facebook
2024-06-13,Oversized Hoodie - Ash Grey,1,1450,Facebook
2024-06-14,Oversized Hoodie - Ash Grey,1,1450,Facebook
2024-06-18,Oversized Hoodie - Ash Grey,1,1450,Website
2024-06-21,Oversized Hoodie - Ash Grey,1,1450,Facebook
2024-06-23,Oversized Hoodie - Ash Grey,1,1450,Facebook
2024-06-26,Oversized Hoodie - Ash Grey,1,1450,Facebook
2024-06-28,Oversized Hoodie - Ash Grey,1,1450,Instagram
2024-07-01,Oversized Hoodie - Ash Grey,1,1450,Facebook
2024-07-02,Oversized Hoodie - Ash Grey,1,1450,Facebook
2024-07-07,Oversized Hoodie - Ash Grey,2,1450,Website
2024-07-08,Oversized Hoodie - Ash Grey,1,1450,Instagram
2024-07-12,Oversized Hoodie - Ash Grey,1,1450,Instagram
2024-07-14,Oversized Hoodie - Ash Grey,1,1450,Instagram
2024-07-17,Oversized Hoodie - Ash Grey,1,1450,Facebook
2024-07-18,Oversized Hoodie - Ash Grey,1,1450,Instagram
2024-07-20,Oversized Hoodie - Ash Grey,1,1450,Website
2024-07-30,Oversized Hoodie - Ash Grey,1,1450,Facebook
2024-08-01,Oversized Hoodie - Ash Grey,1,1450,Website
2024-08-09,Oversized Hoodie - Ash Grey,1,1450,Instagram
2024-08-15,Oversized Hoodie - Ash Grey,1,1450,Website
2024-08-17,Oversized Hoodie - Ash Grey,1,1450,Website
2024-08-19,Oversized Hoodie - Ash Grey,1,1450,Website
2024-08-20,Oversized Hoodie - Ash Grey,1,1450,Instagram
2024-08-21,Oversized Hoodie - Ash Grey,1,1450,Website
2024-08-23,Oversized Hoodie - Ash Grey,1,1450,Facebook
2024-08-26,Oversized Hoodie - Ash Grey,1,1450,Facebook
2024-08-31,Oversized Hoodie - Ash Grey,1,1450,Facebook
2024-09-01,Oversized Hoodie - Ash Grey,1,1450,Facebook
2024-09-05,Oversized Hoodie - Ash Grey,3,1450,Facebook
2024-09-06,Oversized Hoodie - Ash Grey,1,1450,Facebook
2024-09-08,Oversized Hoodie - Ash Grey,1,1450,Instagram
2024-09-10,Oversized Hoodie - Ash Grey,1,1450,Instagram
2024-09-11,Oversized Hoodie - Ash Grey,1,1450,Facebook
2024-09-13,Oversized Hoodie - Ash Grey,1,1450,Website
2024-09-19,Oversized Hoodie - Ash Grey,3,1450,Facebook
2024-09-20,Oversized Hoodie - Ash Grey,2,1450,Instagram
2024-09-25,Oversized Hoodie - Ash Grey,1,1450,Facebook
2024-09-26,Oversized Hoodie - Ash Grey,2,1450,Facebook
2024-09-28,Oversized Hoodie - Ash Grey,1,1450,Facebook
2024-10-01,Oversized Hoodie - Ash Grey,3,1450,Facebook
2024-10-02,Oversized Hoodie - Ash Grey,1,1450,Website
2024-10-04,Oversized Hoodie - Ash Grey,1,1450,Facebook
2024-10-05,Oversized Hoodie - Ash Grey,1,1450,Website
2024-10-07,Oversized Hoodie - Ash Grey,1,1450,Instagram
2024-10-08,Oversized Hoodie - Ash Grey,1,1450,Facebook
2024-10-09,Oversized Hoodie - Ash Grey,1,1450,Facebook
2024-10-10,Oversized Hoodie - Ash Grey,2,1450,Instagram
2024-10-14,Oversized Hoodie - Ash Grey,3,1450,Facebook
2024-10-15,Oversized Hoodie - Ash Grey,1,1450,Instagram
2024-10-17,Oversized Hoodie - Ash Grey,5,1450,Website
2024-10-18,Oversized Hoodie - Ash Grey,4,1450,Facebook
2024-10-20,Oversized Hoodie - Ash Grey,1,1450,Facebook
2024-10-21,Oversized Hoodie - Ash Grey,3,1450,Website
2024-10-22,Oversized Hoodie - Ash Grey,4,1450,Facebook
2024-10-25,Oversized Hoodie - Ash Grey,5,1450,Instagram
2024-10-26,Oversized Hoodie - Ash Grey,4,1450,Instagram
2024-10-27,Oversized Hoodie - Ash Grey,3,1450,Website
2024-10-28,Oversized Hoodie - Ash Grey,3,1450,Website
2024-10-29,Oversized Hoodie - Ash Grey,1,1450,Facebook
2024-10-30,Oversized Hoodie - Ash Grey,2,1450,Website
2024-10-31,Oversized Hoodie - Ash Grey,3,1450,Facebook
2024-11-01,Oversized Hoodie - Ash Grey,3,1450,Facebook
2024-11-02,Oversized Hoodie - Ash Grey,3,1450,Website
2024-11-03,Oversized Hoodie - Ash Grey,3,1450,Facebook
2024-11-04,Oversized Hoodie - Ash Grey,3,1450,Facebook
2024-11-05,Oversized Hoodie - Ash Grey,1,1450,Facebook
2024-11-06,Oversized Hoodie - Ash Grey,3,1450,Facebook
2024-11-07,Oversized Hoodie - Ash Grey,8,1450,Facebook
2024-11-08,Oversized Hoodie - Ash Grey,6,1450,Website
2024-11-09,Oversized Hoodie - Ash Grey,3,1450,Website
2024-11-10,Oversized Hoodie - Ash Grey,6,1450,Website
2024-11-11,Oversized Hoodie - Ash Grey,6,1450,Website
2024-11-13,Oversized Hoodie - Ash Grey,1,1450,Facebook
2024-11-14,Oversized Hoodie - Ash Grey,3,1450,Facebook
2024-11-15,Oversized Hoodie - Ash Grey,5,1450,Website
2024-11-16,Oversized Hoodie - Ash Grey,3,1450,Facebook
2024-11-17,Oversized Hoodie - Ash Grey,5,1450,Website
2024-11-18,Oversized Hoodie - Ash Grey,3,1450,Facebook
2024-11-19,Oversized Hoodie - Ash Grey,2,1450,Website
2024-11-20,Oversized Hoodie - Ash Grey,1,1450,Website
2024-11-21,Oversized Hoodie - Ash Grey,2,1450,Website
2024-11-22,Oversized Hoodie - Ash Grey,4,1450,Facebook
2024-11-23,Oversized Hoodie - Ash Grey,3,1450,Facebook
2024-11-24,Oversized Hoodie - Ash Grey,3,1450,Instagram
2024-11-25,Oversized Hoodie - Ash Grey,2,1450,Instagram
2024-11-26,Oversized Hoodie - Ash Grey,4,1450,Facebook
2024-11-27,Oversized Hoodie - Ash Grey,3,1450,Website
2024-11-28,Oversized Hoodie - Ash Grey,3,1450,Facebook
2024-11-29,Oversized Hoodie - Ash Grey,6,1450,Facebook
2024-11-30,Oversized Hoodie - Ash Grey,4,1450,Facebook
2024-12-01,Oversized Hoodie - Ash Grey,7,1450,Website
2024-12-02,Oversized Hoodie - Ash Grey,1,1450,Facebook
2024-12-03,Oversized Hoodie - Ash Grey,3,1450,Facebook
2024-12-04,Oversized Hoodie - Ash Grey,2,1450,Instagram
2024-12-05,Oversized Hoodie - Ash Grey,5,1450,Website
2024-12-06,Oversized Hoodie - Ash Grey,10,1450,Facebook
2024-12-07,Oversized Hoodie - Ash Grey,7,1450,Website
2024-12-08,Oversized Hoodie - Ash Grey,2,1450,Website
2024-12-10,Oversized Hoodie - Ash Grey,5,1450,Facebook
2024-12-11,Oversized Hoodie - Ash Grey,6,1450,Website
2024-12-12,Oversized Hoodie - Ash Grey,3,1450,Facebook
2024-12-13,Oversized Hoodie - Ash Grey,3,1450,Facebook
2024-12-14,Oversized Hoodie - Ash Grey,12,1450,Facebook
2024-12-15,Oversized Hoodie - Ash Grey,4,1450,Facebook
2024-12-16,Oversized Hoodie - Ash Grey,1,1450,Website
2024-12-17,Oversized Hoodie - Ash Grey,3,1450,Facebook
2024-12-18,Oversized Hoodie - Ash Grey,2,1450,Facebook
2024-12-19,Oversized Hoodie - Ash Grey,1,1450,Website
2024-12-20,Oversized Hoodie - Ash Grey,1,1450,Facebook
2024-12-21,Oversized Hoodie - Ash Grey,3,1450,Facebook
2024-12-22,Oversized Hoodie - Ash Grey,3,1450,Website
2024-12-23,Oversized Hoodie - Ash Grey,7,1450,Facebook
2024-12-24,Oversized Hoodie - Ash Grey,4,1450,Instagram
2024-12-25,Oversized Hoodie - Ash Grey,4,1450,Website
2024-12-26,Oversized Hoodie - Ash Grey,2,1450,Website
2024-12-27,Oversized Hoodie - Ash Grey,8,1450,Facebook
2024-12-28,Oversized Hoodie - Ash Grey,5,1450,Facebook
2024-12-29,Oversized Hoodie - Ash Grey,4,1450,Facebook
2024-12-30,Oversized Hoodie - Ash Grey,4,1450,Facebook
2024-12-31,Oversized Hoodie - Ash Grey,4,1450,Facebook
2025-01-01,Oversized Hoodie - Ash Grey,2,1450,Website
2025-01-02,Oversized Hoodie - Ash Grey,4,1450,Facebook
2025-01-03,Oversized Hoodie - Ash Grey,6,1450,Website
2025-01-04,Oversized Hoodie - Ash Grey,6,1450,Facebook
2025-01-05,Oversized Hoodie - Ash Grey,3,1450,Facebook
2025-01-06,Oversized Hoodie - Ash Grey,6,1450,Facebook
2025-01-07,Oversized Hoodie - Ash Grey,4,1450,Instagram
2025-01-08,Oversized Hoodie - Ash Grey,5,1450,Facebook
2025-01-10,Oversized Hoodie - Ash Grey,7,1450,Facebook
2025-01-11,Oversized Hoodie - Ash Grey,6,1450,Website
2025-01-12,Oversized Hoodie - Ash Grey,1,1450,Facebook
2025-01-13,Oversized Hoodie - Ash Grey,1,1450,Instagram
2025-01-14,Oversized Hoodie - Ash Grey,5,1450,Instagram
2025-01-15,Oversized Hoodie - Ash Grey,2,1450,Facebook
2025-01-16,Oversized Hoodie - Ash Grey,1,1450,Facebook
2025-01-17,Oversized Hoodie - Ash Grey,10,1450,Website
2025-01-18,Oversized Hoodie - Ash Grey,6,1450,Facebook
2025-01-19,Oversized Hoodie - Ash Grey,7,1450,Website
2025-01-20,Oversized Hoodie - Ash Grey,4,1450,Website
2025-01-21,Oversized Hoodie - Ash Grey,7,1450,Instagram
2025-01-22,Oversized Hoodie - Ash Grey,11,1450,Website
2025-01-23,Oversized Hoodie - Ash Grey,1,1450,Facebook
2025-01-24,Oversized Hoodie - Ash Grey,7,1450,Website
2025-01-25,Oversized Hoodie - Ash Grey,8,1450,Facebook
2025-01-26,Oversized Hoodie - Ash Grey,4,1450,Instagram
2025-01-28,Oversized Hoodie - Ash Grey,1,1450,Facebook
2025-01-29,Oversized Hoodie - Ash Grey,4,1450,Facebook
2025-01-30,Oversized Hoodie - Ash Grey,3,1450,Instagram
2025-01-31,Oversized Hoodie - Ash Grey,6,1450,Facebook
2025-02-01,Oversized Hoodie - Ash Grey,5,1450,Website
2025-02-02,Oversized Hoodie - Ash Grey,3,1450,Website
2025-02-03,Oversized Hoodie - Ash Grey,3,1450,Website
2025-02-04,Oversized Hoodie - Ash Grey,4,1450,Website
2025-02-05,Oversized Hoodie - Ash Grey,1,1450,Instagram
2025-02-06,Oversized Hoodie - Ash Grey,4,1450,Website
2025-02-07,Oversized Hoodie - Ash Grey,8,1450,Website
2025-02-08,Oversized Hoodie - Ash Grey,5,1450,Facebook
2025-02-09,Oversized Hoodie - Ash Grey,2,1450,Facebook
2025-02-10,Oversized Hoodie - Ash Grey,1,1450,Facebook
2025-02-11,Oversized Hoodie - Ash Grey,4,1450,Facebook
2025-02-12,Oversized Hoodie - Ash Grey,7,1450,Facebook
2025-02-13,Oversized Hoodie - Ash Grey,7,1450,Facebook
2025-02-14,Oversized Hoodie - Ash Grey,6,1450,Facebook
2025-02-15,Oversized Hoodie - Ash Grey,5,1450,Facebook
2025-02-16,Oversized Hoodie - Ash Grey,5,1450,Facebook
2025-02-17,Oversized Hoodie - Ash Grey,2,1450,Facebook
2025-02-18,Oversized Hoodie - Ash Grey,3,1450,Facebook
2025-02-19,Oversized Hoodie - Ash Grey,3,1450,Facebook
2025-02-20,Oversized Hoodie - Ash Grey,4,1450,Facebook
2025-02-21,Oversized Hoodie - Ash Grey,3,1450,Facebook
2025-02-22,Oversized Hoodie - Ash Grey,1,1450,Website
2025-02-23,Oversized Hoodie - Ash Grey,3,1450,Facebook
2025-02-24,Oversized Hoodie - Ash Grey,4,1450,Facebook
2025-02-25,Oversized Hoodie - Ash Grey,2,1450,Website
2025-02-26,Oversized Hoodie - Ash Grey,4,1450,Facebook
2025-02-27,Oversized Hoodie - Ash Grey,2,1450,Website
2025-02-28,Oversized Hoodie - Ash Grey,2,1450,Facebook
2025-03-01,Oversized Hoodie - Ash Grey,7,1450,Facebook
2025-03-02,Oversized Hoodie - Ash Grey,4,1450,Facebook
2025-03-03,Oversized Hoodie - Ash Grey,2,1450,Facebook
2025-03-04,Oversized Hoodie - Ash Grey,3,1450,Instagram
2025-03-05,Oversized Hoodie - Ash Grey,4,1450,Facebook
2025-03-06,Oversized Hoodie - Ash Grey,4,1450,Instagram
2025-03-07,Oversized Hoodie - Ash Grey,3,1450,Website
2025-03-09,Oversized Hoodie - Ash Grey,1,1450,Website
2025-03-10,Oversized Hoodie - Ash Grey,2,1450,Facebook
2025-03-11,Oversized Hoodie - Ash Grey,3,1450,Instagram
2025-03-12,Oversized Hoodie - Ash Grey,3,1450,Facebook
2025-03-13,Oversized Hoodie - Ash Grey,1,1450,Facebook
2025-03-14,Oversized Hoodie - Ash Grey,4,1450,Facebook
2025-03-15,Oversized Hoodie - Ash Grey,2,1450,Facebook
2025-03-16,Oversized Hoodie - Ash Grey,5,1450,Instagram
2025-03-17,Oversized Hoodie - Ash Grey,1,1450,Instagram
2025-03-18,Oversized Hoodie - Ash Grey,2,1450,Facebook
2025-03-19,Oversized Hoodie - Ash Grey,1,1450,Website
2025-03-20,Oversized Hoodie - Ash Grey,4,1450,Website
2025-03-21,Oversized Hoodie - Ash Grey,6,1450,Facebook
2025-03-22,Oversized Hoodie - Ash Grey,3,1450,Facebook
2025-03-25,Oversized Hoodie - Ash Grey,2,1450,Facebook
2025-03-26,Oversized Hoodie - Ash Grey,4,1450,Facebook
2025-03-27,Oversized Hoodie - Ash Grey,3,1450,Website
2025-03-28,Oversized Hoodie - Ash Grey,5,1450,Facebook
2025-03-29,Oversized Hoodie - Ash Grey,4,1450,Facebook
2025-03-30,Oversized Hoodie - Ash Grey,1,1450,Facebook
2025-03-31,Oversized Hoodie - Ash Grey,3,1450,Instagram
2025-04-01,Oversized Hoodie - Ash Grey,1,1450,Facebook
2025-04-02,Oversized Hoodie - Ash Grey,2,1450,Website
2025-04-03,Oversized Hoodie - Ash Grey,2,1450,Website
2025-04-04,Oversized Hoodie - Ash Grey,2,1450,Facebook
2025-04-05,Oversized Hoodie - Ash Grey,2,1450,Instagram
2025-04-06,Oversized Hoodie - Ash Grey,4,1450,Facebook
2025-04-07,Oversized Hoodie - Ash Grey,1,1450,Facebook
2025-04-08,Oversized Hoodie - Ash Grey,1,1450,Facebook
2025-04-10,Oversized Hoodie - Ash Grey,2,1450,Website
2025-04-11,Oversized Hoodie - Ash Grey,2,1450,Facebook
2025-04-12,Oversized Hoodie - Ash Grey,1,1450,Website
2025-04-13,Oversized Hoodie - Ash Grey,1,1450,Instagram
2025-04-14,Oversized Hoodie - Ash Grey,3,1450,Facebook
2025-04-17,Oversized Hoodie - Ash Grey,4,1450,Facebook
2025-04-18,Oversized Hoodie - Ash Grey,4,1450,Facebook
2025-04-19,Oversized Hoodie - Ash Grey,2,1450,Website
2025-04-20,Oversized Hoodie - Ash Grey,1,1450,Facebook
2025-04-21,Oversized Hoodie - Ash Grey,2,1450,Facebook
2025-04-22,Oversized Hoodie - Ash Grey,4,1450,Facebook
2025-04-25,Oversized Hoodie - Ash Grey,3,1450,Facebook
2025-04-26,Oversized Hoodie - Ash Grey,2,1450,Facebook
2025-04-27,Oversized Hoodie - Ash Grey,1,1450,Facebook
2025-04-28,Oversized Hoodie - Ash Grey,1,1450,Facebook
2025-04-29,Oversized Hoodie - Ash Grey,1,1450,Website
2025-05-01,Oversized Hoodie - Ash Grey,1,1450,Facebook
2025-05-02,Oversized Hoodie - Ash Grey,1,1450,Instagram
2025-05-03,Oversized Hoodie - Ash Grey,1,1450,Facebook
2025-05-04,Oversized Hoodie - Ash Grey,1,1450,Facebook
2025-05-06,Oversized Hoodie - Ash Grey,2,1450,Facebook
2025-05-08,Oversized Hoodie - Ash Grey,1,1450,Instagram
2025-05-10,Oversized Hoodie - Ash Grey,1,1450,Website
2025-05-12,Oversized Hoodie - Ash Grey,1,1450,Instagram
2025-05-13,Oversized Hoodie - Ash Grey,2,1450,Facebook
2025-05-14,Oversized Hoodie - Ash Grey,1,1450,Instagram
2025-05-18,Oversized Hoodie - Ash Grey,1,1450,Facebook
2025-05-19,Oversized Hoodie - Ash Grey,1,1450,Instagram
2025-05-20,Oversized Hoodie - Ash Grey,1,1450,Facebook
2025-05-22,Oversized Hoodie - Ash Grey,2,1450,Instagram
2025-05-25,Oversized Hoodie - Ash Grey,1,1450,Website
2025-05-26,Oversized Hoodie - Ash Grey,3,1450,Website
2025-05-28,Oversized Hoodie - Ash Grey,1,1450,Facebook
2025-06-01,Oversized Hoodie - Ash Grey,1,1450,Facebook
2025-06-03,Oversized Hoodie - Ash Grey,1,1450,Facebook
2025-06-08,Oversized Hoodie - Ash Grey,1,1450,Facebook
2025-06-11,Oversized Hoodie - Ash Grey,1,1450,Website
2025-06-16,Oversized Hoodie - Ash Grey,2,1450,Facebook
2025-06-25,Oversized Hoodie - Ash Grey,1,1450,Facebook
2025-06-28,Oversized Hoodie - Ash Grey,1,1450,Facebook
2025-06-29,Oversized Hoodie - Ash Grey,1,1450,Facebook
2025-07-01,Oversized Hoodie - Ash Grey,1,1450,Facebook
2025-07-03,Oversized Hoodie - Ash Grey,1,1450,Facebook
2025-07-04,Oversized Hoodie - Ash Grey,1,1450,Instagram
2025-07-05,Oversized Hoodie - Ash Grey,1,1450,Facebook
2025-07-06,Oversized Hoodie - Ash Grey,3,1450,Website
2025-07-08,Oversized Hoodie - Ash Grey,1,1450,Facebook
2025-07-09,Oversized Hoodie - Ash Grey,1,1450,Website
2025-07-11,Oversized Hoodie - Ash Grey,1,1450,Instagram
2025-07-16,Oversized Hoodie - Ash Grey,1,1450,Instagram
2025-07-18,Oversized Hoodie - Ash Grey,1,1450,Website
2025-07-20,Oversized Hoodie - Ash Grey,1,1450,Website
2025-07-22,Oversized Hoodie - Ash Grey,1,1450,Instagram
2025-07-26,Oversized Hoodie - Ash Grey,1,1450,Facebook
2025-08-02,Oversized Hoodie - Ash Grey,1,1450,Website
2025-08-04,Oversized Hoodie - Ash Grey,1,1450,Website
2025-08-05,Oversized Hoodie - Ash Grey,1,1450,Website
2025-08-06,Oversized Hoodie - Ash Grey,1,1450,Facebook
2025-08-08,Oversized Hoodie - Ash Grey,2,1450,Facebook
2025-08-14,Oversized Hoodie - Ash Grey,1,1450,Facebook
2025-08-16,Oversized Hoodie - Ash Grey,1,1450,Website
2025-08-17,Oversized Hoodie - Ash Grey,1,1450,Facebook
2025-08-21,Oversized Hoodie - Ash Grey,1,1450,Instagram
2025-08-23,Oversized Hoodie - Ash Grey,1,1450,Facebook
2025-08-25,Oversized Hoodie - Ash Grey,2,1450,Website
2025-08-28,Oversized Hoodie - Ash Grey,1,1450,Facebook
2025-09-01,Oversized Hoodie - Ash Grey,1,1450,Facebook
2025-09-07,Oversized Hoodie - Ash Grey,1,1450,Facebook
2025-09-08,Oversized Hoodie - Ash Grey,1,1450,Facebook
2025-09-11,Oversized Hoodie - Ash Grey,1,1450,Facebook
2025-09-13,Oversized Hoodie - Ash Grey,1,1450,Facebook
2025-09-16,Oversized Hoodie - Ash Grey,1,1450,Facebook
2025-09-17,Oversized Hoodie - Ash Grey,1,1450,Instagram
2025-09-18,Oversized Hoodie - Ash Grey,2,1450,Facebook
2025-09-19,Oversized Hoodie - Ash Grey,1,1450,Website
2025-09-21,Oversized Hoodie - Ash Grey,2,1450,Website
2025-09-22,Oversized Hoodie - Ash Grey,2,1450,Facebook
2025-09-24,Oversized Hoodie - Ash Grey,2,1450,Instagram
2025-09-25,Oversized Hoodie - Ash Grey,3,1450,Facebook
2025-09-27,Oversized Hoodie - Ash Grey,1,1450,Facebook
2025-09-28,Oversized Hoodie - Ash Grey,1,1450,Facebook
2025-09-29,Oversized Hoodie - Ash Grey,2,1450,Facebook
2025-09-30,Oversized Hoodie - Ash Grey,2,1450,Facebook
2025-10-01,Oversized Hoodie - Ash Grey,4,1450,Website
2025-10-03,Oversized Hoodie - Ash Grey,3,1450,Facebook
2025-10-04,Oversized Hoodie - Ash Grey,4,1450,Facebook
2025-10-05,Oversized Hoodie - Ash Grey,2,1450,Instagram
2025-10-06,Oversized Hoodie - Ash Grey,2,1450,Website
2025-10-07,Oversized Hoodie - Ash Grey,1,1450,Facebook
2025-10-08,Oversized Hoodie - Ash Grey,2,1450,Instagram
2025-10-09,Oversized Hoodie - Ash Grey,1,1450,Facebook
2025-10-10,Oversized Hoodie - Ash Grey,2,1450,Facebook
2025-10-11,Oversized Hoodie - Ash Grey,3,1450,Website
2025-10-12,Oversized Hoodie - Ash Grey,2,1450,Instagram
2025-10-13,Oversized Hoodie - Ash Grey,2,1450,Facebook
2025-10-14,Oversized Hoodie - Ash Grey,2,1450,Facebook
2025-10-15,Oversized Hoodie - Ash Grey,1,1450,Facebook
2025-10-16,Oversized Hoodie - Ash Grey,2,1450,Instagram
2025-10-17,Oversized Hoodie - Ash Grey,5,1450,Facebook
2025-10-18,Oversized Hoodie - Ash Grey,4,1450,Website
2025-10-19,Oversized Hoodie - Ash Grey,4,1450,Facebook
2025-10-20,Oversized Hoodie - Ash Grey,4,1450,Website
2025-10-21,Oversized Hoodie - Ash Grey,1,1450,Website
2025-10-22,Oversized Hoodie - Ash Grey,4,1450,Website
2025-10-24,Oversized Hoodie - Ash Grey,2,1450,Facebook
2025-10-25,Oversized Hoodie - Ash Grey,1,1450,Facebook
2025-10-26,Oversized Hoodie - Ash Grey,4,1450,Facebook
2025-10-27,Oversized Hoodie - Ash Grey,5,1450,Facebook
2025-10-28,Oversized Hoodie - Ash Grey,1,1450,Facebook
2025-10-29,Oversized Hoodie - Ash Grey,3,1450,Facebook
2025-10-30,Oversized Hoodie - Ash Grey,3,1450,Instagram
2025-10-31,Oversized Hoodie - Ash Grey,4,1450,Facebook
2025-11-01,Oversized Hoodie - Ash Grey,2,1450,Facebook
2025-11-02,Oversized Hoodie - Ash Grey,6,1450,Facebook
2025-11-03,Oversized Hoodie - Ash Grey,2,1450,Facebook
2025-11-04,Oversized Hoodie - Ash Grey,1,1450,Facebook
2025-11-05,Oversized Hoodie - Ash Grey,8,1450,Website
2025-11-06,Oversized Hoodie - Ash Grey,2,1450,Website
2025-11-07,Oversized Hoodie - Ash Grey,8,1450,Website
2025-11-08,Oversized Hoodie - Ash Grey,6,1450,Instagram
2025-11-09,Oversized Hoodie - Ash Grey,5,1450,Instagram
2025-11-10,Oversized Hoodie - Ash Grey,2,1450,Website
2025-11-11,Oversized Hoodie - Ash Grey,4,1450,Facebook
2025-11-12,Oversized Hoodie - Ash Grey,5,1450,Website
2025-11-13,Oversized Hoodie - Ash Grey,2,1450,Facebook
2025-11-14,Oversized Hoodie - Ash Grey,6,1450,Instagram
2025-11-15,Oversized Hoodie - Ash Grey,5,1450,Facebook
2025-11-16,Oversized Hoodie - Ash Grey,4,1450,Instagram
2025-11-17,Oversized Hoodie - Ash Grey,6,1450,Facebook
2025-11-18,Oversized Hoodie - Ash Grey,2,1450,Website
2025-11-19,Oversized Hoodie - Ash Grey,5,1450,Facebook
2025-11-20,Oversized Hoodie - Ash Grey,6,1450,Website
2025-11-21,Oversized Hoodie - Ash Grey,12,1450,Facebook
2025-11-22,Oversized Hoodie - Ash Grey,6,1450,Website
2025-11-23,Oversized Hoodie - Ash Grey,5,1450,Website
2025-11-24,Oversized Hoodie - Ash Grey,3,1450,Website
2025-11-25,Oversized Hoodie - Ash Grey,5,1450,Instagram
2025-11-26,Oversized Hoodie - Ash Grey,1,1450,Facebook
2025-11-27,Oversized Hoodie - Ash Grey,6,1450,Instagram
2025-11-28,Oversized Hoodie - Ash Grey,6,1450,Facebook
2025-11-29,Oversized Hoodie - Ash Grey,10,1450,Website
2025-11-30,Oversized Hoodie - Ash Grey,8,1450,Website
2025-12-01,Oversized Hoodie - Ash Grey,6,1450,Facebook
2025-12-02,Oversized Hoodie - Ash Grey,3,1450,Facebook
2025-12-03,Oversized Hoodie - Ash Grey,9,1450,Instagram
2025-12-04,Oversized Hoodie - Ash Grey,3,1450,Facebook
2025-12-05,Oversized Hoodie - Ash Grey,8,1450,Instagram
2025-12-06,Oversized Hoodie - Ash Grey,8,1450,Facebook
2025-12-07,Oversized Hoodie - Ash Grey,7,1450,Facebook
2025-12-08,Oversized Hoodie - Ash Grey,8,1450,Website
2025-12-09,Oversized Hoodie - Ash Grey,7,1450,Facebook
2025-12-10,Oversized Hoodie - Ash Grey,6,1450,Facebook
2025-12-11,Oversized Hoodie - Ash Grey,6,1450,Website
2025-12-12,Oversized Hoodie - Ash Grey,13,1450,Website
2025-12-13,Oversized Hoodie - Ash Grey,9,1450,Facebook
2025-12-14,Oversized Hoodie - Ash Grey,5,1450,Facebook
2025-12-15,Oversized Hoodie - Ash Grey,9,1450,Website
2025-12-16,Oversized Hoodie - Ash Grey,4,1450,Website
2025-12-17,Oversized Hoodie - Ash Grey,5,1450,Website
2025-12-18,Oversized Hoodie - Ash Grey,7,1450,Website
2025-12-19,Oversized Hoodie - Ash Grey,8,1450,Facebook
2025-12-20,Oversized Hoodie - Ash Grey,12,1450,Website
2025-12-21,Oversized Hoodie - Ash Grey,5,1450,Facebook
2025-12-22,Oversized Hoodie - Ash Grey,8,1450,Facebook
2025-12-23,Oversized Hoodie - Ash Grey,2,1450,Facebook
2025-12-24,Oversized Hoodie - Ash Grey,7,1450,Website
2025-12-25,Oversized Hoodie - Ash Grey,7,1450,Instagram
2025-12-26,Oversized Hoodie - Ash Grey,17,1450,Facebook
2025-12-27,Oversized Hoodie - Ash Grey,3,1450,Facebook
2025-12-28,Oversized Hoodie - Ash Grey,10,1450,Website
2025-12-29,Oversized Hoodie - Ash Grey,5,1450,Website
2025-12-30,Oversized Hoodie - Ash Grey,4,1450,Facebook
2025-12-31,Oversized Hoodie - Ash Grey,4,1450,Website
2026-01-01,Oversized Hoodie - Ash Grey,6,1450,Website
2026-01-02,Oversized Hoodie - Ash Grey,9,1450,Website
2026-01-03,Oversized Hoodie - Ash Grey,11,1450,Facebook
2026-01-04,Oversized Hoodie - Ash Grey,2,1450,Website
2026-01-05,Oversized Hoodie - Ash Grey,3,1450,Facebook
2026-01-06,Oversized Hoodie - Ash Grey,1,1450,Instagram
2026-01-07,Oversized Hoodie - Ash Grey,6,1450,Website
2026-01-08,Oversized Hoodie - Ash Grey,6,1450,Website
2026-01-09,Oversized Hoodie - Ash Grey,8,1450,Website
2026-01-10,Oversized Hoodie - Ash Grey,6,1450,Facebook
2026-01-11,Oversized Hoodie - Ash Grey,4,1450,Facebook
2026-01-12,Oversized Hoodie - Ash Grey,3,1450,Website
2026-01-13,Oversized Hoodie - Ash Grey,3,1450,Facebook
2026-01-14,Oversized Hoodie - Ash Grey,6,1450,Instagram
2026-01-15,Oversized Hoodie - Ash Grey,6,1450,Website
2026-01-16,Oversized Hoodie - Ash Grey,15,1450,Facebook
2026-01-17,Oversized Hoodie - Ash Grey,11,1450,Website
2026-01-18,Oversized Hoodie - Ash Grey,5,1450,Facebook
2026-01-19,Oversized Hoodie - Ash Grey,3,1450,Website
2026-01-20,Oversized Hoodie - Ash Grey,5,1450,Instagram
2026-01-21,Oversized Hoodie - Ash Grey,5,1450,Facebook
2026-01-22,Oversized Hoodie - Ash Grey,4,1450,Instagram
2026-01-23,Oversized Hoodie - Ash Grey,13,1450,Facebook
2026-01-24,Oversized Hoodie - Ash Grey,6,1450,Facebook
2026-01-25,Oversized Hoodie - Ash Grey,8,1450,Instagram
2026-01-26,Oversized Hoodie - Ash Grey,7,1450,Website
2026-01-27,Oversized Hoodie - Ash Grey,3,1450,Facebook
2026-01-28,Oversized Hoodie - Ash Grey,3,1450,Instagram
2026-01-29,Oversized Hoodie - Ash Grey,2,1450,Facebook
2026-01-30,Oversized Hoodie - Ash Grey,10,1450,Website
2026-01-31,Oversized Hoodie - Ash Grey,4,1450,Facebook
2026-02-01,Oversized Hoodie - Ash Grey,5,1450,Instagram
2026-02-02,Oversized Hoodie - Ash Grey,4,1450,Facebook
2026-02-03,Oversized Hoodie - Ash Grey,5,1450,Facebook
2026-02-04,Oversized Hoodie - Ash Grey,8,1450,Facebook
2026-02-05,Oversized Hoodie - Ash Grey,5,1450,Facebook
2026-02-06,Oversized Hoodie - Ash Grey,11,1450,Website
2026-02-07,Oversized Hoodie - Ash Grey,3,1450,Website
2026-02-08,Oversized Hoodie - Ash Grey,3,1450,Instagram
2026-02-09,Oversized Hoodie - Ash Grey,6,1450,Facebook
2026-02-10,Oversized Hoodie - Ash Grey,7,1450,Facebook
2026-02-11,Oversized Hoodie - Ash Grey,5,1450,Instagram
2026-02-12,Oversized Hoodie - Ash Grey,8,1450,Facebook
2026-02-13,Oversized Hoodie - Ash Grey,14,1450,Website
2026-02-14,Oversized Hoodie - Ash Grey,3,1450,Facebook
2026-02-15,Oversized Hoodie - Ash Grey,5,1450,Instagram
2026-02-16,Oversized Hoodie - Ash Grey,5,1450,Website
2026-02-17,Oversized Hoodie - Ash Grey,2,1450,Instagram
2026-02-18,Oversized Hoodie - Ash Grey,1,1450,Facebook
2026-02-19,Oversized Hoodie - Ash Grey,5,1450,Website
2026-02-20,Oversized Hoodie - Ash Grey,4,1450,Facebook
2026-02-21,Oversized Hoodie - Ash Grey,3,1450,Facebook
2026-02-22,Oversized Hoodie - Ash Grey,3,1450,Facebook
2026-02-23,Oversized Hoodie - Ash Grey,2,1450,Website
2026-02-24,Oversized Hoodie - Ash Grey,4,1450,Facebook
2026-02-25,Oversized Hoodie - Ash Grey,3,1450,Facebook
2026-02-26,Oversized Hoodie - Ash Grey,6,1450,Facebook
2026-02-27,Oversized Hoodie - Ash Grey,10,1450,Facebook
2026-02-28,Oversized Hoodie - Ash Grey,6,1450,Facebook
2026-03-01,Oversized Hoodie - Ash Grey,4,1450,Instagram
2026-03-02,Oversized Hoodie - Ash Grey,7,1450,Instagram
2026-03-03,Oversized Hoodie - Ash Grey,2,1450,Facebook
2026-03-04,Oversized Hoodie - Ash Grey,2,1450,Facebook
2026-03-05,Oversized Hoodie - Ash Grey,5,1450,Facebook
2026-03-06,Oversized Hoodie - Ash Grey,8,1450,Facebook
2026-03-07,Oversized Hoodie - Ash Grey,5,1450,Facebook
2026-03-08,Oversized Hoodie - Ash Grey,6,1450,Instagram
2026-03-09,Oversized Hoodie - Ash Grey,3,1450,Facebook
2026-03-10,Oversized Hoodie - Ash Grey,4,1450,Facebook
2026-03-11,Oversized Hoodie - Ash Grey,5,1450,Facebook
2026-03-12,Oversized Hoodie - Ash Grey,6,1450,Instagram
2026-03-13,Oversized Hoodie - Ash Grey,4,1450,Facebook
2026-03-14,Oversized Hoodie - Ash Grey,4,1450,Facebook
2026-03-15,Oversized Hoodie - Ash Grey,1,1450,Instagram
2026-03-16,Oversized Hoodie - Ash Grey,2,1450,Website
2026-03-17,Oversized Hoodie - Ash Grey,1,1450,Facebook
2026-03-18,Oversized Hoodie - Ash Grey,4,1450,Facebook
2026-03-19,Oversized Hoodie - Ash Grey,1,1450,Facebook
2026-03-20,Oversized Hoodie - Ash Grey,7,1450,Facebook
2026-03-21,Oversized Hoodie - Ash Grey,8,1450,Instagram
2026-03-22,Oversized Hoodie - Ash Grey,4,1450,Facebook
2026-03-23,Oversized Hoodie - Ash Grey,3,1450,Instagram
2026-03-24,Oversized Hoodie - Ash Grey,3,1450,Instagram
2026-03-25,Oversized Hoodie - Ash Grey,1,1450,Instagram
2026-03-27,Oversized Hoodie - Ash Grey,3,1450,Facebook
2026-03-28,Oversized Hoodie - Ash Grey,2,1450,Facebook
2026-03-29,Oversized Hoodie - Ash Grey,2,1450,Facebook
2026-03-30,Oversized Hoodie - Ash Grey,2,1450,Website
2026-03-31,Oversized Hoodie - Ash Grey,2,1450,Website
2026-04-01,Oversized Hoodie - Ash Grey,1,1450,Website
2026-04-02,Oversized Hoodie - Ash Grey,2,1450,Facebook
2026-04-03,Oversized Hoodie - Ash Grey,4,1450,Website
2026-04-04,Oversized Hoodie - Ash Grey,1,1450,Facebook
2026-04-05,Oversized Hoodie - Ash Grey,1,1450,Website
2026-04-07,Oversized Hoodie - Ash Grey,2,1450,Facebook
2026-04-08,Oversized Hoodie - Ash Grey,3,1450,Website
2026-04-09,Oversized Hoodie - Ash Grey,3,1450,Website
2026-04-10,Oversized Hoodie - Ash Grey,3,1450,Facebook
2026-04-11,Oversized Hoodie - Ash Grey,2,1450,Facebook
2026-04-12,Oversized Hoodie - Ash Grey,4,1450,Facebook
2026-04-13,Oversized Hoodie - Ash Grey,1,1450,Facebook
2026-04-15,Oversized Hoodie - Ash Grey,1,1450,Instagram
2026-04-17,Oversized Hoodie - Ash Grey,2,1450,Instagram
2026-04-18,Oversized Hoodie - Ash Grey,1,1450,Website
2026-04-19,Oversized Hoodie - Ash Grey,2,1450,Facebook
2026-04-21,Oversized Hoodie - Ash Grey,2,1450,Instagram
2026-04-22,Oversized Hoodie - Ash Grey,2,1450,Instagram
2026-04-23,Oversized Hoodie - Ash Grey,1,1450,Facebook
2026-04-24,Oversized Hoodie - Ash Grey,1,1450,Website
2026-04-25,Oversized Hoodie - Ash Grey,3,1450,Website
2026-04-28,Oversized Hoodie - Ash Grey,2,1450,Website
2026-04-29,Oversized Hoodie - Ash Grey,2,1450,Website
2026-04-30,Oversized Hoodie - Ash Grey,2,1450,Facebook
2026-05-01,Oversized Hoodie - Ash Grey,2,1450,Facebook
2026-05-02,Oversized Hoodie - Ash Grey,2,1450,Facebook
2026-05-03,Oversized Hoodie - Ash Grey,1,1450,Website
2026-05-04,Oversized Hoodie - Ash Grey,2,1450,Facebook
2026-05-05,Oversized Hoodie - Ash Grey,1,1450,Facebook
2026-05-06,Oversized Hoodie - Ash Grey,2,1450,Facebook
2026-05-07,Oversized Hoodie - Ash Grey,3,1450,Facebook
2026-05-09,Oversized Hoodie - Ash Grey,2,1450,Facebook
2026-05-13,Oversized Hoodie - Ash Grey,1,1450,Facebook
2026-05-14,Oversized Hoodie - Ash Grey,1,1450,Facebook
2026-05-19,Oversized Hoodie - Ash Grey,2,1450,Facebook
2026-05-20,Oversized Hoodie - Ash Grey,1,1450,Website
2026-05-22,Oversized Hoodie - Ash Grey,1,1450,Facebook
2026-05-23,Oversized Hoodie - Ash Grey,2,1450,Website
2026-05-24,Oversized Hoodie - Ash Grey,1,1450,Website
2026-05-26,Oversized Hoodie - Ash Grey,2,1450,Facebook
2026-05-27,Oversized Hoodie - Ash Grey,1,1450,Facebook
2026-05-28,Oversized Hoodie - Ash Grey,1,1450,Facebook
2026-06-01,Oversized Hoodie - Ash Grey,1,1450,Facebook
2026-06-02,Oversized Hoodie - Ash Grey,1,1450,Website
2026-06-03,Oversized Hoodie - Ash Grey,1,1450,Facebook
2026-06-05,Oversized Hoodie - Ash Grey,1,1450,Facebook
2026-06-06,Oversized Hoodie - Ash Grey,1,1450,Website
2026-06-08,Oversized Hoodie - Ash Grey,2,1450,Facebook
2026-06-13,Oversized Hoodie - Ash Grey,2,1450,Website
2026-06-16,Oversized Hoodie - Ash Grey,1,1450,Facebook
2026-06-17,Oversized Hoodie - Ash Grey,1,1450,Facebook
2026-06-19,Oversized Hoodie - Ash Grey,2,1450,Website
2026-06-20,Oversized Hoodie - Ash Grey,1,1450,Facebook
2026-06-25,Oversized Hoodie - Ash Grey,1,1450,Instagram
2026-07-02,Oversized Hoodie - Ash Grey,1,1450,Instagram
2026-07-03,Oversized Hoodie - Ash Grey,1,1450,Instagram
2026-07-06,Oversized Hoodie - Ash Grey,2,1450,Instagram
2026-07-08,Oversized Hoodie - Ash Grey,1,1450,Facebook
2026-07-09,Oversized Hoodie - Ash Grey,1,1450,Facebook
2026-07-10,Oversized Hoodie - Ash Grey,1,1450,Facebook
2026-07-11,Oversized Hoodie - Ash Grey,1,1450,Facebook
2026-07-13,Oversized Hoodie - Ash Grey,1,1450,Facebook
2026-07-17,Oversized Hoodie - Ash Grey,1,1450,Facebook
2026-07-20,Oversized Hoodie - Ash Grey,1,1450,Website
2026-07-21,Oversized Hoodie - Ash Grey,1,1450,Website
2026-07-23,Oversized Hoodie - Ash Grey,1,1450,Instagram
2026-07-28,Oversized Hoodie - Ash Grey,1,1450,Website
2026-07-30,Oversized Hoodie - Ash Grey,1,1450,Instagram
2026-08-03,Oversized Hoodie - Ash Grey,1,1450,Facebook
2026-08-04,Oversized Hoodie - Ash Grey,1,1450,Facebook
2026-08-06,Oversized Hoodie - Ash Grey,3,1450,Facebook
2026-08-09,Oversized Hoodie - Ash Grey,1,1450,Instagram
2026-08-10,Oversized Hoodie - Ash Grey,1,1450,Facebook
2026-08-11,Oversized Hoodie - Ash Grey,1,1450,Facebook
2026-08-14,Oversized Hoodie - Ash Grey,2,1450,Facebook
2026-08-15,Oversized Hoodie - Ash Grey,1,1450,Facebook
2026-08-18,Oversized Hoodie - Ash Grey,1,1450,Instagram
2026-08-26,Oversized Hoodie - Ash Grey,2,1450,Facebook
2026-08-27,Oversized Hoodie - Ash Grey,1,1450,Instagram
2026-08-29,Oversized Hoodie - Ash Grey,2,1450,Instagram
2026-08-30,Oversized Hoodie - Ash Grey,3,1450,Website
2026-08-31,Oversized Hoodie - Ash Grey,2,1450,Instagram
2026-09-01,Oversized Hoodie - Ash Grey,1,1450,Facebook
2026-09-03,Oversized Hoodie - Ash Grey,3,1450,Facebook
2026-09-04,Oversized Hoodie - Ash Grey,2,1450,Facebook
2026-09-05,Oversized Hoodie - Ash Grey,1,1450,Facebook
2026-09-06,Oversized Hoodie - Ash Grey,1,1450,Instagram
2026-09-07,Oversized Hoodie - Ash Grey,2,1450,Facebook
2026-09-08,Oversized Hoodie - Ash Grey,4,1450,Website
2026-09-09,Oversized Hoodie - Ash Grey,1,1450,Facebook
2026-09-10,Oversized Hoodie - Ash Grey,1,1450,Facebook
2026-09-11,Oversized Hoodie - Ash Grey,2,1450,Facebook
2026-09-12,Oversized Hoodie - Ash Grey,1,1450,Website
2026-09-13,Oversized Hoodie - Ash Grey,1,1450,Facebook
2026-09-15,Oversized Hoodie - Ash Grey,1,1450,Facebook
2026-09-17,Oversized Hoodie - Ash Grey,1,1450,Facebook
2026-09-18,Oversized Hoodie - Ash Grey,3,1450,Facebook
2026-09-19,Oversized Hoodie - Ash Grey,1,1450,Website
2026-09-20,Oversized Hoodie - Ash Grey,2,1450,Instagram
2026-09-22,Oversized Hoodie - Ash Grey,1,1450,Facebook
2026-09-23,Oversized Hoodie - Ash Grey,2,1450,Website
2026-09-24,Oversized Hoodie - Ash Grey,1,1450,Website
2026-09-25,Oversized Hoodie - Ash Grey,2,1450,Facebook
2026-09-26,Oversized Hoodie - Ash Grey,3,1450,Facebook
2026-09-27,Oversized Hoodie - Ash Grey,2,1450,Instagram
2026-09-28,Oversized Hoodie - Ash Grey,1,1450,Facebook
2026-09-29,Oversized Hoodie - Ash Grey,2,1450,Instagram
2026-09-30,Oversized Hoodie - Ash Grey,2,1450,Facebook
2024-01-01,Zip Hoodie - Navy,2,1650,Facebook
2024-01-02,Zip Hoodie - Navy,2,1650,Website
2024-01-03,Zip Hoodie - Navy,5,1650,Website
2024-01-04,Zip Hoodie - Navy,5,1650,Facebook
2024-01-05,Zip Hoodie - Navy,2,1650,Facebook
2024-01-06,Zip Hoodie - Navy,2,1650,Website
2024-01-07,Zip Hoodie - Navy,3,1650,Facebook
2024-01-09,Zip Hoodie - Navy,1,1650,Facebook
2024-01-10,Zip Hoodie - Navy,1,1650,Facebook
2024-01-11,Zip Hoodie - Navy,1,1650,Facebook
2024-01-12,Zip Hoodie - Navy,4,1650,Facebook
2024-01-13,Zip Hoodie - Navy,2,1650,Facebook
2024-01-14,Zip Hoodie - Navy,2,1650,Instagram
2024-01-17,Zip Hoodie - Navy,2,1650,Website
2024-01-18,Zip Hoodie - Navy,1,1650,Facebook
2024-01-19,Zip Hoodie - Navy,3,1650,Instagram
2024-01-20,Zip Hoodie - Navy,2,1650,Website
2024-01-22,Zip Hoodie - Navy,1,1650,Facebook
2024-01-23,Zip Hoodie - Navy,2,1650,Website
2024-01-24,Zip Hoodie - Navy,1,1650,Website
2024-01-26,Zip Hoodie - Navy,4,1650,Instagram
2024-01-27,Zip Hoodie - Navy,4,1650,Website
2024-01-28,Zip Hoodie - Navy,2,1650,Facebook
2024-01-29,Zip Hoodie - Navy,2,1650,Facebook
2024-01-30,Zip Hoodie - Navy,2,1650,Instagram
2024-01-31,Zip Hoodie - Navy,2,1650,Website
2024-02-01,Zip Hoodie - Navy,2,1650,Facebook
2024-02-02,Zip Hoodie - Navy,1,1650,Facebook
2024-02-03,Zip Hoodie - Navy,2,1650,Instagram
2024-02-04,Zip Hoodie - Navy,6,1650,Facebook
2024-02-05,Zip Hoodie - Navy,1,1650,Facebook
2024-02-06,Zip Hoodie - Navy,2,1650,Facebook
2024-02-07,Zip Hoodie - Navy,2,1650,Instagram
2024-02-08,Zip Hoodie - Navy,3,1650,Website
2024-02-09,Zip Hoodie - Navy,5,1650,Website
2024-02-10,Zip Hoodie - Navy,1,1650,Facebook
2024-02-12,Zip Hoodie - Navy,1,1650,Facebook
2024-02-13,Zip Hoodie - Navy,1,1650,Facebook
2024-02-14,Zip Hoodie - Navy,2,1650,Facebook
2024-02-15,Zip Hoodie - Navy,1,1650,Facebook
2024-02-16,Zip Hoodie - Navy,1,1650,Facebook
2024-02-17,Zip Hoodie - Navy,1,1650,Facebook
2024-02-19,Zip Hoodie - Navy,2,1650,Instagram
2024-02-20,Zip Hoodie - Navy,2,1650,Instagram
2024-02-21,Zip Hoodie - Navy,1,1650,Facebook
2024-02-22,Zip Hoodie - Navy,1,1650,Facebook
2024-02-23,Zip Hoodie - Navy,2,1650,Facebook
2024-02-27,Zip Hoodie - Navy,1,1650,Facebook
2024-02-28,Zip Hoodie - Navy,1,1650,Website
2024-02-29,Zip Hoodie - Navy,1,1650,Facebook
2024-03-01,Zip Hoodie - Navy,5,1650,Instagram
2024-03-02,Zip Hoodie - Navy,2,1650,Facebook
2024-03-04,Zip Hoodie - Navy,3,1650,Instagram
2024-03-05,Zip Hoodie - Navy,1,1650,Facebook
2024-03-07,Zip Hoodie - Navy,1,1650,Website
2024-03-09,Zip Hoodie - Navy,2,1650,Facebook
2024-03-10,Zip Hoodie - Navy,2,1650,Website
2024-03-11,Zip Hoodie - Navy,1,1650,Facebook
2024-03-12,Zip Hoodie - Navy,1,1650,Facebook
2024-03-13,Zip Hoodie - Navy,1,1650,Facebook
2024-03-15,Zip Hoodie - Navy,1,1650,Facebook
2024-03-16,Zip Hoodie - Navy,2,1650,Website
2024-03-17,Zip Hoodie - Navy,1,1650,Facebook
2024-03-20,Zip Hoodie - Navy,1,1650,Website
2024-03-21,Zip Hoodie - Navy,1,1650,Facebook
2024-03-22,Zip Hoodie - Navy,1,1650,Facebook
2024-03-23,Zip Hoodie - Navy,3,1650,Facebook
2024-03-24,Zip Hoodie - Navy,2,1650,Facebook
2024-03-25,Zip Hoodie - Navy,1,1650,Facebook
2024-03-28,Zip Hoodie - Navy,1,1650,Facebook
2024-03-30,Zip Hoodie - Navy,2,1650,Facebook
2024-03-31,Zip Hoodie - Navy,1,1650,Facebook
2024-04-01,Zip Hoodie - Navy,1,1650,Facebook
2024-04-04,Zip Hoodie - Navy,1,1650,Website
2024-04-05,Zip Hoodie - Navy,1,1650,Facebook
2024-04-06,Zip Hoodie - Navy,1,1650,Facebook
2024-04-08,Zip Hoodie - Navy,1,1650,Facebook
2024-04-11,Zip Hoodie - Navy,2,1650,Instagram
2024-04-12,Zip Hoodie - Navy,1,1650,Facebook
2024-04-13,Zip Hoodie - Navy,2,1650,Facebook
2024-04-16,Zip Hoodie - Navy,1,1650,Facebook
2024-04-17,Zip Hoodie - Navy,1,1650,Facebook
2024-04-18,Zip Hoodie - Navy,1,1650,Facebook
2024-04-19,Zip Hoodie - Navy,1,1650,Website
2024-04-22,Zip Hoodie - Navy,1,1650,Instagram
2024-04-29,Zip Hoodie - Navy,1,1650,Facebook
2024-04-30,Zip Hoodie - Navy,1,1650,Instagram
2024-05-05,Zip Hoodie - Navy,1,1650,Facebook
2024-05-08,Zip Hoodie - Navy,1,1650,Facebook
2024-05-11,Zip Hoodie - Navy,1,1650,Website
2024-05-25,Zip Hoodie - Navy,1,1650,Facebook
2024-06-07,Zip Hoodie - Navy,1,1650,Instagram
2024-06-18,Zip Hoodie - Navy,1,1650,Facebook
2024-06-21,Zip Hoodie - Navy,1,1650,Facebook
2024-06-24,Zip Hoodie - Navy,1,1650,Instagram
2024-07-08,Zip Hoodie - Navy,1,1650,Instagram
2024-07-19,Zip Hoodie - Navy,1,1650,Facebook
2024-07-22,Zip Hoodie - Navy,2,1650,Facebook
2024-07-23,Zip Hoodie - Navy,1,1650,Website
2024-07-26,Zip Hoodie - Navy,1,1650,Facebook
2024-08-02,Zip Hoodie - Navy,2,1650,Instagram
2024-08-07,Zip Hoodie - Navy,1,1650,Facebook
2024-08-08,Zip Hoodie - Navy,1,1650,Instagram
2024-08-11,Zip Hoodie - Navy,1,1650,Website
2024-08-12,Zip Hoodie - Navy,1,1650,Website
2024-08-20,Zip Hoodie - Navy,1,1650,Website
2024-08-24,Zip Hoodie - Navy,1,1650,Facebook
2024-08-26,Zip Hoodie - Navy,1,1650,Facebook
2024-08-28,Zip Hoodie - Navy,1,1650,Facebook
2024-08-29,Zip Hoodie - Navy,1,1650,Website
2024-08-30,Zip Hoodie - Navy,1,1650,Facebook
2024-08-31,Zip Hoodie - Navy,1,1650,Facebook
2024-09-04,Zip Hoodie - Navy,1,1650,Instagram
2024-09-19,Zip Hoodie - Navy,2,1650,Facebook
2024-09-21,Zip Hoodie - Navy,3,1650,Instagram
2024-09-28,Zip Hoodie - Navy,3,1650,Facebook
2024-09-29,Zip Hoodie - Navy,2,1650,Website
2024-10-02,Zip Hoodie - Navy,1,1650,Website
2024-10-04,Zip Hoodie - Navy,2,1650,Facebook
2024-10-05,Zip Hoodie - Navy,1,1650,Instagram
2024-10-06,Zip Hoodie - Navy,1,1650,Website
2024-10-07,Zip Hoodie - Navy,1,1650,Instagram
2024-10-10,Zip Hoodie - Navy,1,1650,Facebook
2024-10-11,Zip Hoodie - Navy,3,1650,Facebook
2024-10-12,Zip Hoodie - Navy,2,1650,Facebook
2024-10-16,Zip Hoodie - Navy,1,1650,Facebook
2024-10-17,Zip Hoodie - Navy,1,1650,Facebook
2024-10-18,Zip Hoodie - Navy,1,1650,Instagram
2024-10-22,Zip Hoodie - Navy,1,1650,Facebook
2024-10-26,Zip Hoodie - Navy,1,1650,Facebook
2024-10-27,Zip Hoodie - Navy,2,1650,Facebook
2024-10-30,Zip Hoodie - Navy,1,1650,Facebook
2024-10-31,Zip Hoodie - Navy,1,1650,Facebook
2024-11-01,Zip Hoodie - Navy,2,1650,Facebook
2024-11-02,Zip Hoodie - Navy,2,1650,Facebook
2024-11-03,Zip Hoodie - Navy,4,1650,Instagram
2024-11-04,Zip Hoodie - Navy,2,1650,Facebook
2024-11-05,Zip Hoodie - Navy,1,1650,Instagram
2024-11-06,Zip Hoodie - Navy,4,1650,Facebook
2024-11-11,Zip Hoodie - Navy,1,1650,Facebook
2024-11-12,Zip Hoodie - Navy,5,1650,Website
2024-11-13,Zip Hoodie - Navy,1,1650,Facebook
2024-11-16,Zip Hoodie - Navy,2,1650,Facebook
2024-11-17,Zip Hoodie - Navy,1,1650,Facebook
2024-11-18,Zip Hoodie - Navy,5,1650,Facebook
2024-11-19,Zip Hoodie - Navy,1,1650,Instagram
2024-11-20,Zip Hoodie - Navy,5,1650,Facebook
2024-11-21,Zip Hoodie - Navy,3,1650,Facebook
2024-11-22,Zip Hoodie - Navy,8,1650,Website
2024-11-23,Zip Hoodie - Navy,2,1650,Website
2024-11-25,Zip Hoodie - Navy,2,1650,Facebook
2024-11-26,Zip Hoodie - Navy,1,1650,Facebook
2024-11-27,Zip Hoodie - Navy,2,1650,Facebook
2024-11-28,Zip Hoodie - Navy,1,1650,Website
2024-11-29,Zip Hoodie - Navy,1,1650,Instagram
2024-11-30,Zip Hoodie - Navy,6,1650,Facebook
2024-12-02,Zip Hoodie - Navy,4,1650,Instagram
2024-12-03,Zip Hoodie - Navy,1,1650,Facebook
2024-12-04,Zip Hoodie - Navy,2,1650,Facebook
2024-12-05,Zip Hoodie - Navy,6,1650,Facebook
2024-12-06,Zip Hoodie - Navy,2,1650,Facebook
2024-12-07,Zip Hoodie - Navy,6,1650,Facebook
2024-12-08,Zip Hoodie - Navy,5,1650,Facebook
2024-12-09,Zip Hoodie - Navy,2,1650,Facebook
2024-12-10,Zip Hoodie - Navy,1,1650,Facebook
2024-12-11,Zip Hoodie - Navy,1,1650,Website
2024-12-12,Zip Hoodie - Navy,6,1650,Facebook
2024-12-13,Zip Hoodie - Navy,3,1650,Website
2024-12-14,Zip Hoodie - Navy,1,1650,Facebook
2024-12-15,Zip Hoodie - Navy,3,1650,Facebook
2024-12-16,Zip Hoodie - Navy,5,1650,Facebook
2024-12-17,Zip Hoodie - Navy,1,1650,Instagram
2024-12-18,Zip Hoodie - Navy,2,1650,Facebook
2024-12-20,Zip Hoodie - Navy,4,1650,Website
2024-12-21,Zip Hoodie - Navy,2,1650,Facebook
2024-12-22,Zip Hoodie - Navy,1,1650,Facebook
2024-12-23,Zip Hoodie - Navy,3,1650,Facebook
2024-12-24,Zip Hoodie - Navy,2,1650,Website
2024-12-25,Zip Hoodie - Navy,4,1650,Facebook
2024-12-27,Zip Hoodie - Navy,3,1650,Facebook
2024-12-28,Zip Hoodie - Navy,5,1650,Facebook
2024-12-29,Zip Hoodie - Navy,4,1650,Facebook
2024-12-30,Zip Hoodie - Navy,2,1650,Facebook
2024-12-31,Zip Hoodie - Navy,1,1650,Facebook
2025-01-01,Zip Hoodie - Navy,1,1650,Facebook
2025-01-02,Zip Hoodie - Navy,5,1650,Website
2025-01-03,Zip Hoodie - Navy,7,1650,Website
2025-01-04,Zip Hoodie - Navy,6,1650,Facebook
2025-01-05,Zip Hoodie - Navy,4,1650,Website
2025-01-06,Zip Hoodie - Navy,1,1650,Facebook
2025-01-07,Zip Hoodie - Navy,3,1650,Website
2025-01-08,Zip Hoodie - Navy,3,1650,Website
2025-01-09,Zip Hoodie - Navy,5,1650,Facebook
2025-01-10,Zip Hoodie - Navy,4,1650,Instagram
2025-01-11,Zip Hoodie - Navy,3,1650,Instagram
2025-01-12,Zip Hoodie - Navy,3,1650,Facebook
2025-01-13,Zip Hoodie - Navy,3,1650,Website
2025-01-14,Zip Hoodie - Navy,2,1650,Facebook
2025-01-15,Zip Hoodie - Navy,2,1650,Facebook
2025-01-16,Zip Hoodie - Navy,3,1650,Facebook
2025-01-17,Zip Hoodie - Navy,5,1650,Facebook
2025-01-18,Zip Hoodie - Navy,4,1650,Website
2025-01-19,Zip Hoodie - Navy,2,1650,Facebook
2025-01-21,Zip Hoodie - Navy,3,1650,Instagram
2025-01-22,Zip Hoodie - Navy,5,1650,Facebook
2025-01-23,Zip Hoodie - Navy,2,1650,Facebook
2025-01-24,Zip Hoodie - Navy,5,1650,Facebook
2025-01-25,Zip Hoodie - Navy,3,1650,Facebook
2025-01-26,Zip Hoodie - Navy,2,1650,Facebook
2025-01-28,Zip Hoodie - Navy,3,1650,Website
2025-01-29,Zip Hoodie - Navy,3,1650,Website
2025-01-30,Zip Hoodie - Navy,4,1650,Facebook
2025-01-31,Zip Hoodie - Navy,7,1650,Facebook
2025-02-01,Zip Hoodie - Navy,2,1650,Website
2025-02-02,Zip Hoodie - Navy,1,1650,Website
2025-02-03,Zip Hoodie - Navy,2,1650,Instagram
2025-02-04,Zip Hoodie - Navy,2,1650,Facebook
2025-02-05,Zip Hoodie - Navy,3,1650,Facebook
2025-02-06,Zip Hoodie - Navy,2,1650,Facebook
2025-02-07,Zip Hoodie - Navy,5,1650,Facebook
2025-02-08,Zip Hoodie - Navy,1,1650,Facebook
2025-02-09,Zip Hoodie - Navy,5,1650,Facebook
2025-02-10,Zip Hoodie - Navy,4,1650,Website
2025-02-11,Zip Hoodie - Navy,1,1650,Facebook
2025-02-12,Zip Hoodie - Navy,1,1650,Facebook
2025-02-13,Zip Hoodie - Navy,1,1650,Website
2025-02-14,Zip Hoodie - Navy,7,1650,Website
2025-02-15,Zip Hoodie - Navy,3,1650,Instagram
2025-02-16,Zip Hoodie - Navy,3,1650,Facebook
2025-02-17,Zip Hoodie - Navy,3,1650,Facebook
2025-02-18,Zip Hoodie - Navy,1,1650,Facebook
2025-02-19,Zip Hoodie - Navy,4,1650,Instagram
2025-02-20,Zip Hoodie - Navy,3,1650,Website
2025-02-21,Zip Hoodie - Navy,3,1650,Facebook
2025-02-22,Zip Hoodie - Navy,1,1650,Facebook
2025-02-23,Zip Hoodie - Navy,1,1650,Facebook
2025-02-24,Zip Hoodie - Navy,3,1650,Website
2025-02-25,Zip Hoodie - Navy,3,1650,Website
2025-02-27,Zip Hoodie - Navy,1,1650,Instagram
2025-02-28,Zip Hoodie - Navy,3,1650,Website
2025-03-01,Zip Hoodie - Navy,4,1650,Facebook
2025-03-02,Zip Hoodie - Navy,1,1650,Instagram
2025-03-03,Zip Hoodie - Navy,2,1650,Facebook
2025-03-04,Zip Hoodie - Navy,3,1650,Website
2025-03-05,Zip Hoodie - Navy,1,1650,Facebook
2025-03-06,Zip Hoodie - Navy,2,1650,Facebook
2025-03-07,Zip Hoodie - Navy,5,1650,Website
2025-03-08,Zip Hoodie - Navy,2,1650,Facebook
2025-03-09,Zip Hoodie - Navy,1,1650,Instagram
2025-03-11,Zip Hoodie - Navy,3,1650,Facebook
2025-03-13,Zip Hoodie - Navy,2,1650,Instagram
2025-03-14,Zip Hoodie - Navy,2,1650,Website
2025-03-15,Zip Hoodie - Navy,2,1650,Facebook
2025-03-16,Zip Hoodie - Navy,1,1650,Facebook
2025-03-17,Zip Hoodie - Navy,2,1650,Facebook
2025-03-18,Zip Hoodie - Navy,3,1650,Facebook
2025-03-20,Zip Hoodie - Navy,1,1650,Instagram
2025-03-21,Zip Hoodie - Navy,1,1650,Website
2025-03-22,Zip Hoodie - Navy,1,1650,Website
2025-03-23,Zip Hoodie - Navy,1,1650,Facebook
2025-03-24,Zip Hoodie - Navy,3,1650,Facebook
2025-03-25,Zip Hoodie - Navy,2,1650,Website
2025-03-26,Zip Hoodie - Navy,1,1650,Facebook
2025-03-27,Zip Hoodie - Navy,1,1650,Website
2025-03-28,Zip Hoodie - Navy,2,1650,Facebook
2025-03-29,Zip Hoodie - Navy,1,1650,Facebook
2025-04-01,Zip Hoodie - Navy,1,1650,Website
2025-04-02,Zip Hoodie - Navy,3,1650,Instagram
2025-04-03,Zip Hoodie - Navy,3,1650,Facebook
2025-04-04,Zip Hoodie - Navy,2,1650,Instagram
2025-04-05,Zip Hoodie - Navy,4,1650,Website
2025-04-06,Zip Hoodie - Navy,1,1650,Facebook
2025-04-07,Zip Hoodie - Navy,1,1650,Facebook
2025-04-10,Zip Hoodie - Navy,1,1650,Instagram
2025-04-11,Zip Hoodie - Navy,1,1650,Website
2025-04-13,Zip Hoodie - Navy,1,1650,Website
2025-04-14,Zip Hoodie - Navy,1,1650,Facebook
2025-04-15,Zip Hoodie - Navy,1,1650,Facebook
2025-04-16,Zip Hoodie - Navy,1,1650,Facebook
2025-04-22,Zip Hoodie - Navy,3,1650,Website
2025-04-27,Zip Hoodie - Navy,1,1650,Facebook
2025-05-06,Zip Hoodie - Navy,2,1650,Instagram
2025-05-08,Zip Hoodie - Navy,2,1650,Website
2025-05-10,Zip Hoodie - Navy,1,1650,Facebook
2025-05-12,Zip Hoodie - Navy,2,1650,Facebook
2025-05-19,Zip Hoodie - Navy,1,1650,Instagram
2025-05-22,Zip Hoodie - Navy,1,1650,Website
2025-05-26,Zip Hoodie - Navy,1,1650,Website
2025-06-04,Zip Hoodie - Navy,1,1650,Facebook
2025-06-05,Zip Hoodie - Navy,1,1650,Instagram
2025-06-06,Zip Hoodie - Navy,1,1650,Website
2025-06-07,Zip Hoodie - Navy,1,1650,Facebook
2025-06-09,Zip Hoodie - Navy,1,1650,Website
2025-06-17,Zip Hoodie - Navy,1,1650,Facebook
2025-06-20,Zip Hoodie - Navy,1,1650,Instagram
2025-06-21,Zip Hoodie - Navy,1,1650,Facebook
2025-06-22,Zip Hoodie - Navy,1,1650,Facebook
2025-06-28,Zip Hoodie - Navy,1,1650,Website
2025-06-29,Zip Hoodie - Navy,1,1650,Facebook
2025-07-03,Zip Hoodie - Navy,1,1650,Instagram
2025-07-04,Zip Hoodie - Navy,1,1650,Website
2025-07-05,Zip Hoodie - Navy,1,1650,Website
2025-07-18,Zip Hoodie - Navy,1,1650,Facebook
2025-07-22,Zip Hoodie - Navy,1,1650,Facebook
2025-07-26,Zip Hoodie - Navy,1,1650,Facebook
2025-08-01,Zip Hoodie - Navy,1,1650,Facebook
2025-08-06,Zip Hoodie - Navy,2,1650,Facebook
2025-08-13,Zip Hoodie - Navy,1,1650,Facebook
2025-08-15,Zip Hoodie - Navy,2,1650,Website
2025-08-19,Zip Hoodie - Navy,1,1650,Facebook
2025-08-20,Zip Hoodie - Navy,1,1650,Facebook
2025-08-23,Zip Hoodie - Navy,1,1650,Facebook
2025-08-26,Zip Hoodie - Navy,1,1650,Facebook
2025-08-28,Zip Hoodie - Navy,1,1650,Facebook
2025-09-03,Zip Hoodie - Navy,1,1650,Facebook
2025-09-04,Zip Hoodie - Navy,1,1650,Website
2025-09-05,Zip Hoodie - Navy,1,1650,Instagram
2025-09-08,Zip Hoodie - Navy,1,1650,Website
2025-09-13,Zip Hoodie - Navy,1,1650,Facebook
2025-09-15,Zip Hoodie - Navy,1,1650,Facebook
2025-09-17,Zip Hoodie - Navy,3,1650,Facebook
2025-09-26,Zip Hoodie - Navy,1,1650,Facebook
2025-09-29,Zip Hoodie - Navy,2,1650,Facebook
2025-10-01,Zip Hoodie - Navy,1,1650,Facebook
2025-10-03,Zip Hoodie - Navy,1,1650,Facebook
2025-10-04,Zip Hoodie - Navy,1,1650,Facebook
2025-10-07,Zip Hoodie - Navy,2,1650,Instagram
2025-10-08,Zip Hoodie - Navy,1,1650,Facebook
2025-10-09,Zip Hoodie - Navy,1,1650,Facebook
2025-10-10,Zip Hoodie - Navy,1,1650,Website
2025-10-11,Zip Hoodie - Navy,3,1650,Facebook
2025-10-12,Zip Hoodie - Navy,1,1650,Facebook
2025-10-14,Zip Hoodie - Navy,1,1650,Facebook
2025-10-17,Zip Hoodie - Navy,5,1650,Website
2025-10-18,Zip Hoodie - Navy,4,1650,Website
2025-10-19,Zip Hoodie - Navy,3,1650,Website
2025-10-20,Zip Hoodie - Navy,1,1650,Facebook
2025-10-22,Zip Hoodie - Navy,2,1650,Facebook
2025-10-23,Zip Hoodie - Navy,5,1650,Instagram
2025-10-24,Zip Hoodie - Navy,3,1650,Facebook
2025-10-26,Zip Hoodie - Navy,3,1650,Facebook
2025-10-27,Zip Hoodie - Navy,1,1650,Website
2025-10-28,Zip Hoodie - Navy,2,1650,Facebook
2025-10-30,Zip Hoodie - Navy,4,1650,Instagram
2025-10-31,Zip Hoodie - Navy,3,1650,Website
2025-11-01,Zip Hoodie - Navy,3,1650,Facebook
2025-11-02,Zip Hoodie - Navy,1,1650,Facebook
2025-11-03,Zip Hoodie - Navy,2,1650,Facebook
2025-11-04,Zip Hoodie - Navy,2,1650,Website
2025-11-05,Zip Hoodie - Navy,1,1650,Facebook
2025-11-06,Zip Hoodie - Navy,4,1650,Facebook
2025-11-07,Zip Hoodie - Navy,2,1650,Facebook
2025-11-08,Zip Hoodie - Navy,4,1650,Website
2025-11-09,Zip Hoodie - Navy,1,1650,Facebook
2025-11-10,Zip Hoodie - Navy,3,1650,Facebook
2025-11-11,Zip Hoodie - Navy,1,1650,Instagram
2025-11-12,Zip Hoodie - Navy,2,1650,Facebook
2025-11-13,Zip Hoodie - Navy,2,1650,Website
2025-11-14,Zip Hoodie - Navy,1,1650,Website
2025-11-15,Zip Hoodie - Navy,5,1650,Facebook
2025-11-16,Zip Hoodie - Navy,3,1650,Facebook
2025-11-17,Zip Hoodie - Navy,1,1650,Website
2025-11-18,Zip Hoodie - Navy,4,1650,Website
2025-11-19,Zip Hoodie - Navy,1,1650,Facebook
2025-11-20,Zip Hoodie - Navy,3,1650,Facebook
2025-11-21,Zip Hoodie - Navy,1,1650,Facebook
2025-11-22,Zip Hoodie - Navy,1,1650,Website
2025-11-23,Zip Hoodie - Navy,2,1650,Facebook
2025-11-24,Zip Hoodie - Navy,3,1650,Facebook
2025-11-25,Zip Hoodie - Navy,5,1650,Facebook
2025-11-26,Zip Hoodie - Navy,3,1650,Instagram
2025-11-27,Zip Hoodie - Navy,3,1650,Facebook
2025-11-28,Zip Hoodie - Navy,4,1650,Facebook
2025-11-29,Zip Hoodie - Navy,3,1650,Instagram
2025-11-30,Zip Hoodie - Navy,1,1650,Facebook
2025-12-01,Zip Hoodie - Navy,2,1650,Facebook
2025-12-02,Zip Hoodie - Navy,5,1650,Instagram
2025-12-03,Zip Hoodie - Navy,3,1650,Facebook
2025-12-04,Zip Hoodie - Navy,5,1650,Facebook
2025-12-05,Zip Hoodie - Navy,2,1650,Instagram
2025-12-06,Zip Hoodie - Navy,2,1650,Website
2025-12-07,Zip Hoodie - Navy,3,1650,Facebook
2025-12-08,Zip Hoodie - Navy,5,1650,Facebook
2025-12-09,Zip Hoodie - Navy,2,1650,Website
2025-12-10,Zip Hoodie - Navy,5,1650,Facebook
2025-12-11,Zip Hoodie - Navy,4,1650,Facebook
2025-12-12,Zip Hoodie - Navy,1,1650,Facebook
2025-12-13,Zip Hoodie - Navy,3,1650,Facebook
2025-12-14,Zip Hoodie - Navy,6,1650,Facebook
2025-12-15,Zip Hoodie - Navy,3,1650,Facebook
2025-12-16,Zip Hoodie - Navy,6,1650,Facebook
2025-12-17,Zip Hoodie - Navy,1,1650,Instagram
2025-12-18,Zip Hoodie - Navy,4,1650,Facebook
2025-12-19,Zip Hoodie - Navy,6,1650,Facebook
2025-12-21,Zip Hoodie - Navy,7,1650,Facebook
2025-12-22,Zip Hoodie - Navy,3,1650,Facebook
2025-12-23,Zip Hoodie - Navy,3,1650,Facebook
2025-12-24,Zip Hoodie - Navy,5,1650,Instagram
2025-12-25,Zip Hoodie - Navy,2,1650,Facebook
2025-12-26,Zip Hoodie - Navy,10,1650,Website
2025-12-27,Zip Hoodie - Navy,5,1650,Website
2025-12-28,Zip Hoodie - Navy,4,1650,Instagram
2025-12-29,Zip Hoodie - Navy,2,1650,Website
2025-12-30,Zip Hoodie - Navy,8,1650,Facebook
2025-12-31,Zip Hoodie - Navy,2,1650,Instagram
2026-01-01,Zip Hoodie - Navy,4,1650,Facebook
2026-01-02,Zip Hoodie - Navy,4,1650,Facebook
2026-01-03,Zip Hoodie - Navy,3,1650,Instagram
2026-01-04,Zip Hoodie - Navy,2,1650,Facebook
2026-01-05,Zip Hoodie - Navy,5,1650,Website
2026-01-06,Zip Hoodie - Navy,7,1650,Website
2026-01-07,Zip Hoodie - Navy,3,1650,Website
2026-01-08,Zip Hoodie - Navy,2,1650,Facebook
2026-01-09,Zip Hoodie - Navy,5,1650,Instagram
2026-01-10,Zip Hoodie - Navy,5,1650,Facebook
2026-01-11,Zip Hoodie - Navy,4,1650,Facebook
2026-01-12,Zip Hoodie - Navy,2,1650,Website
2026-01-13,Zip Hoodie - Navy,1,1650,Instagram
2026-01-14,Zip Hoodie - Navy,3,1650,Facebook
2026-01-15,Zip Hoodie - Navy,2,1650,Facebook
2026-01-16,Zip Hoodie - Navy,2,1650,Website
2026-01-17,Zip Hoodie - Navy,2,1650,Facebook
2026-01-18,Zip Hoodie - Navy,8,1650,Facebook
2026-01-19,Zip Hoodie - Navy,3,1650,Facebook
2026-01-20,Zip Hoodie - Navy,3,1650,Website
2026-01-21,Zip Hoodie - Navy,2,1650,Website
2026-01-22,Zip Hoodie - Navy,3,1650,Facebook
2026-01-23,Zip Hoodie - Navy,4,1650,Facebook
2026-01-24,Zip Hoodie - Navy,1,1650,Website
2026-01-25,Zip Hoodie - Navy,7,1650,Facebook
2026-01-26,Zip Hoodie - Navy,3,1650,Facebook
2026-01-27,Zip Hoodie - Navy,5,1650,Facebook
2026-01-28,Zip Hoodie - Navy,6,1650,Facebook
2026-01-29,Zip Hoodie - Navy,2,1650,Facebook
2026-01-30,Zip Hoodie - Navy,6,1650,Facebook
2026-01-31,Zip Hoodie - Navy,2,1650,Facebook
2026-02-01,Zip Hoodie - Navy,2,1650,Website
2026-02-02,Zip Hoodie - Navy,2,1650,Facebook
2026-02-03,Zip Hoodie - Navy,4,1650,Facebook
2026-02-04,Zip Hoodie - Navy,2,1650,Instagram
2026-02-05,Zip Hoodie - Navy,2,1650,Facebook
2026-02-06,Zip Hoodie - Navy,6,1650,Instagram
2026-02-07,Zip Hoodie - Navy,1,1650,Facebook
2026-02-08,Zip Hoodie - Navy,1,1650,Website
2026-02-09,Zip Hoodie - Navy,1,1650,Facebook
2026-02-10,Zip Hoodie - Navy,2,1650,Instagram
2026-02-11,Zip Hoodie - Navy,3,1650,Instagram
2026-02-12,Zip Hoodie - Navy,1,1650,Website
2026-02-13,Zip Hoodie - Navy,8,1650,Facebook
2026-02-14,Zip Hoodie - Navy,7,1650,Website
2026-02-15,Zip Hoodie - Navy,2,1650,Website
2026-02-16,Zip Hoodie - Navy,5,1650,Website
2026-02-17,Zip Hoodie - Navy,4,1650,Website
2026-02-18,Zip Hoodie - Navy,1,1650,Facebook
2026-02-19,Zip Hoodie - Navy,2,1650,Website
2026-02-20,Zip Hoodie - Navy,4,1650,Facebook
2026-02-21,Zip Hoodie - Navy,5,1650,Facebook
2026-02-22,Zip Hoodie - Navy,2,1650,Facebook
2026-02-23,Zip Hoodie - Navy,1,1650,Facebook
2026-02-24,Zip Hoodie - Navy,6,1650,Facebook
2026-02-25,Zip Hoodie - Navy,5,1650,Instagram
2026-02-26,Zip Hoodie - Navy,2,1650,Facebook
2026-02-27,Zip Hoodie - Navy,2,1650,Facebook
2026-02-28,Zip Hoodie - Navy,1,1650,Facebook
2026-03-01,Zip Hoodie - Navy,3,1650,Facebook
2026-03-02,Zip Hoodie - Navy,6,1650,Facebook
2026-03-03,Zip Hoodie - Navy,4,1650,Facebook
2026-03-04,Zip Hoodie - Navy,1,1650,Facebook
2026-03-05,Zip Hoodie - Navy,5,1650,Facebook
2026-03-06,Zip Hoodie - Navy,2,1650,Facebook
2026-03-07,Zip Hoodie - Navy,3,1650,Facebook
2026-03-09,Zip Hoodie - Navy,2,1650,Website
2026-03-10,Zip Hoodie - Navy,2,1650,Instagram
2026-03-11,Zip Hoodie - Navy,4,1650,Facebook
2026-03-12,Zip Hoodie - Navy,2,1650,Facebook
2026-03-13,Zip Hoodie - Navy,3,1650,Website
2026-03-14,Zip Hoodie - Navy,3,1650,Facebook
2026-03-15,Zip Hoodie - Navy,3,1650,Facebook
2026-03-17,Zip Hoodie - Navy,2,1650,Website
2026-03-18,Zip Hoodie - Navy,2,1650,Facebook
2026-03-19,Zip Hoodie - Navy,2,1650,Facebook
2026-03-20,Zip Hoodie - Navy,4,1650,Facebook
2026-03-21,Zip Hoodie - Navy,2,1650,Instagram
2026-03-22,Zip Hoodie - Navy,3,1650,Facebook
2026-03-23,Zip Hoodie - Navy,1,1650,Instagram
2026-03-25,Zip Hoodie - Navy,4,1650,Website
2026-03-27,Zip Hoodie - Navy,4,1650,Website
2026-03-29,Zip Hoodie - Navy,1,1650,Facebook
2026-04-01,Zip Hoodie - Navy,1,1650,Website
2026-04-03,Zip Hoodie - Navy,1,1650,Instagram
2026-04-05,Zip Hoodie - Navy,1,1650,Facebook
2026-04-08,Zip Hoodie - Navy,4,1650,Facebook
2026-04-09,Zip Hoodie - Navy,1,1650,Facebook
2026-04-10,Zip Hoodie - Navy,2,1650,Facebook
2026-04-11,Zip Hoodie - Navy,6,1650,Facebook
2026-04-12,Zip Hoodie - Navy,1,1650,Facebook
2026-04-14,Zip Hoodie - Navy,1,1650,Instagram
2026-04-16,Zip Hoodie - Navy,2,1650,Website
2026-04-18,Zip Hoodie - Navy,1,1650,Website
2026-04-19,Zip Hoodie - Navy,2,1650,Facebook
2026-04-20,Zip Hoodie - Navy,1,1650,Facebook
2026-04-22,Zip Hoodie - Navy,1,1650,Facebook
2026-04-24,Zip Hoodie - Navy,2,1650,Instagram
2026-04-27,Zip Hoodie - Navy,1,1650,Facebook
2026-04-28,Zip Hoodie - Navy,1,1650,Facebook
2026-04-29,Zip Hoodie - Navy,2,1650,Website
2026-05-01,Zip Hoodie - Navy,1,1650,Website
2026-05-08,Zip Hoodie - Navy,1,1650,Website
2026-05-11,Zip Hoodie - Navy,2,1650,Facebook
2026-05-13,Zip Hoodie - Navy,1,1650,Facebook
2026-05-15,Zip Hoodie - Navy,2,1650,Facebook
2026-05-17,Zip Hoodie - Navy,1,1650,Facebook
2026-05-19,Zip Hoodie - Navy,1,1650,Facebook
2026-05-21,Zip Hoodie - Navy,1,1650,Facebook
2026-05-29,Zip Hoodie - Navy,1,1650,Instagram
2026-05-30,Zip Hoodie - Navy,1,1650,Facebook
2026-06-03,Zip Hoodie - Navy,1,1650,Facebook
2026-06-04,Zip Hoodie - Navy,1,1650,Website
2026-06-05,Zip Hoodie - Navy,1,1650,Facebook
2026-06-06,Zip Hoodie - Navy,1,1650,Website
2026-06-07,Zip Hoodie - Navy,1,1650,Facebook
2026-06-10,Zip Hoodie - Navy,1,1650,Facebook
2026-06-11,Zip Hoodie - Navy,1,1650,Facebook
2026-06-16,Zip Hoodie - Navy,1,1650,Facebook
2026-06-18,Zip Hoodie - Navy,1,1650,Facebook
2026-06-24,Zip Hoodie - Navy,1,1650,Website
2026-06-25,Zip Hoodie - Navy,1,1650,Instagram
2026-06-26,Zip Hoodie - Navy,2,1650,Instagram
2026-06-27,Zip Hoodie - Navy,1,1650,Facebook
2026-07-03,Zip Hoodie - Navy,1,1650,Facebook
2026-07-04,Zip Hoodie - Navy,1,1650,Instagram
2026-07-08,Zip Hoodie - Navy,1,1650,Website
2026-07-10,Zip Hoodie - Navy,1,1650,Facebook
2026-07-12,Zip Hoodie - Navy,1,1650,Facebook
2026-07-14,Zip Hoodie - Navy,1,1650,Facebook
2026-07-15,Zip Hoodie - Navy,1,1650,Facebook
2026-07-16,Zip Hoodie - Navy,1,1650,Facebook
2026-07-17,Zip Hoodie - Navy,1,1650,Facebook
2026-07-18,Zip Hoodie - Navy,1,1650,Facebook
2026-07-19,Zip Hoodie - Navy,2,1650,Website
2026-07-22,Zip Hoodie - Navy,1,1650,Website
2026-07-23,Zip Hoodie - Navy,1,1650,Facebook
2026-07-25,Zip Hoodie - Navy,1,1650,Facebook
2026-08-07,Zip Hoodie - Navy,1,1650,Facebook
2026-08-09,Zip Hoodie - Navy,1,1650,Website
2026-08-10,Zip Hoodie - Navy,1,1650,Website
2026-08-13,Zip Hoodie - Navy,1,1650,Website
2026-08-14,Zip Hoodie - Navy,1,1650,Instagram
2026-08-15,Zip Hoodie - Navy,1,1650,Facebook
2026-08-16,Zip Hoodie - Navy,1,1650,Facebook
2026-08-17,Zip Hoodie - Navy,1,1650,Facebook
2026-08-21,Zip Hoodie - Navy,1,1650,Facebook
2026-08-26,Zip Hoodie - Navy,1,1650,Instagram
2026-08-29,Zip Hoodie - Navy,1,1650,Facebook
2026-08-30,Zip Hoodie - Navy,1,1650,Website
2026-09-01,Zip Hoodie - Navy,2,1650,Website
2026-09-02,Zip Hoodie - Navy,1,1650,Facebook
2026-09-03,Zip Hoodie - Navy,1,1650,Facebook
2026-09-07,Zip Hoodie - Navy,1,1650,Facebook
2026-09-08,Zip Hoodie - Navy,1,1650,Facebook
2026-09-09,Zip Hoodie - Navy,1,1650,Facebook
2026-09-10,Zip Hoodie - Navy,1,1650,Facebook
2026-09-15,Zip Hoodie - Navy,3,1650,Facebook
2026-09-16,Zip Hoodie - Navy,3,1650,Facebook
2026-09-22,Zip Hoodie - Navy,1,1650,Website
2026-09-23,Zip Hoodie - Navy,1,1650,Facebook
2026-09-24,Zip Hoodie - Navy,2,1650,Facebook
2026-09-26,Zip Hoodie - Navy,1,1650,Facebook
2026-09-30,Zip Hoodie - Navy,2,1650,Facebook
2024-01-01,Classic Punjabi - White,2,1850,Facebook
2024-01-03,Classic Punjabi - White,2,1850,Facebook
2024-01-04,Classic Punjabi - White,3,1850,Instagram
2024-01-05,Classic Punjabi - White,2,1850,Website
2024-01-07,Classic Punjabi - White,2,1850,Facebook
2024-01-09,Classic Punjabi - White,1,1850,Facebook
2024-01-10,Classic Punjabi - White,1,1850,Facebook
2024-01-11,Classic Punjabi - White,1,1850,Facebook
2024-01-12,Classic Punjabi - White,1,1850,Website
2024-01-13,Classic Punjabi - White,2,1850,Facebook
2024-01-14,Classic Punjabi - White,1,1850,Instagram
2024-01-16,Classic Punjabi - White,2,1850,Facebook
2024-01-17,Classic Punjabi - White,1,1850,Facebook
2024-01-20,Classic Punjabi - White,2,1850,Facebook
2024-01-22,Classic Punjabi - White,1,1850,Facebook
2024-01-23,Classic Punjabi - White,1,1850,Facebook
2024-01-24,Classic Punjabi - White,2,1850,Instagram
2024-01-25,Classic Punjabi - White,2,1850,Instagram
2024-01-28,Classic Punjabi - White,2,1850,Website
2024-01-30,Classic Punjabi - White,1,1850,Website
2024-01-31,Classic Punjabi - White,1,1850,Website
2024-02-01,Classic Punjabi - White,1,1850,Facebook
2024-02-02,Classic Punjabi - White,4,1850,Instagram
2024-02-03,Classic Punjabi - White,1,1850,Facebook
2024-02-04,Classic Punjabi - White,2,1850,Instagram
2024-02-06,Classic Punjabi - White,1,1850,Facebook
2024-02-07,Classic Punjabi - White,2,1850,Facebook
2024-02-09,Classic Punjabi - White,2,1850,Website
2024-02-10,Classic Punjabi - White,3,1850,Website
2024-02-11,Classic Punjabi - White,1,1850,Facebook
2024-02-12,Classic Punjabi - White,1,1850,Facebook
2024-02-13,Classic Punjabi - White,3,1850,Instagram
2024-02-14,Classic Punjabi - White,1,1850,Facebook
2024-02-15,Classic Punjabi - White,1,1850,Facebook
2024-02-16,Classic Punjabi - White,3,1850,Facebook
2024-02-18,Classic Punjabi - White,2,1850,Instagram
2024-02-19,Classic Punjabi - White,1,1850,Facebook
2024-02-20,Classic Punjabi - White,2,1850,Facebook
2024-02-21,Classic Punjabi - White,3,1850,Facebook
2024-02-23,Classic Punjabi - White,4,1850,Instagram
2024-02-26,Classic Punjabi - White,1,1850,Facebook
2024-02-27,Classic Punjabi - White,1,1850,Website
2024-02-28,Classic Punjabi - White,1,1850,Facebook
2024-02-29,Classic Punjabi - White,1,1850,Facebook
2024-03-01,Classic Punjabi - White,1,1850,Facebook
2024-03-02,Classic Punjabi - White,1,1850,Website
2024-03-03,Classic Punjabi - White,2,1850,Website
2024-03-04,Classic Punjabi - White,1,1850,Facebook
2024-03-05,Classic Punjabi - White,1,1850,Facebook
2024-03-07,Classic Punjabi - White,2,1850,Facebook
2024-03-09,Classic Punjabi - White,1,1850,Facebook
2024-03-10,Classic Punjabi - White,1,1850,Facebook
2024-03-11,Classic Punjabi - White,2,1850,Facebook
2024-03-15,Classic Punjabi - White,3,1850,Instagram
2024-03-18,Classic Punjabi - White,1,1850,Facebook
2024-03-19,Classic Punjabi - White,1,1850,Facebook
2024-03-20,Classic Punjabi - White,2,1850,Facebook
2024-03-21,Classic Punjabi - White,2,1850,Facebook
2024-03-22,Classic Punjabi - White,4,1850,Website
2024-03-23,Classic Punjabi - White,3,1850,Facebook
2024-03-24,Classic Punjabi - White,2,1850,Website
2024-03-25,Classic Punjabi - White,2,1850,Facebook
2024-03-26,Classic Punjabi - White,1,1850,Facebook
2024-03-27,Classic Punjabi - White,2,1850,Facebook
2024-03-28,Classic Punjabi - White,4,1850,Facebook
2024-03-29,Classic Punjabi - White,2,1850,Facebook
2024-03-30,Classic Punjabi - White,2,1850,Instagram
2024-03-31,Classic Punjabi - White,9,1850,Website
2024-04-01,Classic Punjabi - White,5,1850,Website
2024-04-02,Classic Punjabi - White,8,1850,Website
2024-04-03,Classic Punjabi - White,6,1850,Website
2024-04-04,Classic Punjabi - White,7,1850,Website
2024-04-05,Classic Punjabi - White,10,1850,Instagram
2024-04-06,Classic Punjabi - White,11,1850,Website
2024-04-07,Classic Punjabi - White,6,1850,Facebook
2024-04-08,Classic Punjabi - White,5,1850,Facebook
2024-04-09,Classic Punjabi - White,10,1850,Website
2024-04-10,Classic Punjabi - White,9,1850,Facebook
2024-04-11,Classic Punjabi - White,1,1850,Facebook
2024-04-12,Classic Punjabi - White,8,1850,Facebook
2024-04-14,Classic Punjabi - White,3,1850,Facebook
2024-04-19,Classic Punjabi - White,1,1850,Instagram
2024-04-20,Classic Punjabi - White,1,1850,Facebook
2024-04-22,Classic Punjabi - White,1,1850,Facebook
2024-04-23,Classic Punjabi - White,2,1850,Facebook
2024-04-24,Classic Punjabi - White,1,1850,Instagram
2024-04-26,Classic Punjabi - White,2,1850,Facebook
2024-04-27,Classic Punjabi - White,3,1850,Instagram
2024-05-02,Classic Punjabi - White,1,1850,Facebook
2024-05-03,Classic Punjabi - White,2,1850,Facebook
2024-05-04,Classic Punjabi - White,1,1850,Instagram
2024-05-06,Classic Punjabi - White,1,1850,Facebook
2024-05-09,Classic Punjabi - White,1,1850,Instagram
2024-05-10,Classic Punjabi - White,2,1850,Facebook
2024-05-11,Classic Punjabi - White,2,1850,Facebook
2024-05-14,Classic Punjabi - White,1,1850,Instagram
2024-05-15,Classic Punjabi - White,1,1850,Facebook
2024-05-16,Classic Punjabi - White,3,1850,Website
2024-05-17,Classic Punjabi - White,1,1850,Website
2024-05-19,Classic Punjabi - White,2,1850,Facebook
2024-05-21,Classic Punjabi - White,1,1850,Facebook
2024-05-23,Classic Punjabi - White,1,1850,Website
2024-05-24,Classic Punjabi - White,1,1850,Facebook
2024-05-26,Classic Punjabi - White,3,1850,Facebook
2024-05-28,Classic Punjabi - White,3,1850,Facebook
2024-05-31,Classic Punjabi - White,2,1850,Instagram
2024-06-01,Classic Punjabi - White,1,1850,Facebook
2024-06-02,Classic Punjabi - White,3,1850,Facebook
2024-06-03,Classic Punjabi - White,2,1850,Website
2024-06-04,Classic Punjabi - White,2,1850,Facebook
2024-06-05,Classic Punjabi - White,2,1850,Facebook
2024-06-06,Classic Punjabi - White,2,1850,Website
2024-06-07,Classic Punjabi - White,6,1850,Instagram
2024-06-08,Classic Punjabi - White,4,1850,Facebook
2024-06-09,Classic Punjabi - White,3,1850,Facebook
2024-06-10,Classic Punjabi - White,2,1850,Facebook
2024-06-11,Classic Punjabi - White,1,1850,Facebook
2024-06-12,Classic Punjabi - White,2,1850,Facebook
2024-06-13,Classic Punjabi - White,1,1850,Facebook
2024-06-14,Classic Punjabi - White,4,1850,Website
2024-06-15,Classic Punjabi - White,3,1850,Website
2024-06-16,Classic Punjabi - White,5,1850,Website
2024-06-17,Classic Punjabi - White,2,1850,Website
2024-06-18,Classic Punjabi - White,2,1850,Facebook
2024-06-19,Classic Punjabi - White,1,1850,Website
2024-06-20,Classic Punjabi - White,1,1850,Facebook
2024-06-21,Classic Punjabi - White,1,1850,Website
2024-06-22,Classic Punjabi - White,2,1850,Instagram
2024-06-24,Classic Punjabi - White,1,1850,Facebook
2024-06-25,Classic Punjabi - White,1,1850,Instagram
2024-06-26,Classic Punjabi - White,1,1850,Website
2024-07-01,Classic Punjabi - White,3,1850,Website
2024-07-02,Classic Punjabi - White,1,1850,Website
2024-07-03,Classic Punjabi - White,2,1850,Website
2024-07-04,Classic Punjabi - White,2,1850,Facebook
2024-07-05,Classic Punjabi - White,4,1850,Facebook
2024-07-06,Classic Punjabi - White,2,1850,Instagram
2024-07-08,Classic Punjabi - White,2,1850,Website
2024-07-09,Classic Punjabi - White,2,1850,Facebook
2024-07-11,Classic Punjabi - White,3,1850,Instagram
2024-07-12,Classic Punjabi - White,2,1850,Instagram
2024-07-13,Classic Punjabi - White,3,1850,Facebook
2024-07-14,Classic Punjabi - White,1,1850,Website
2024-07-15,Classic Punjabi - White,1,1850,Facebook
2024-07-16,Classic Punjabi - White,1,1850,Facebook
2024-07-19,Classic Punjabi - White,2,1850,Facebook
2024-07-21,Classic Punjabi - White,2,1850,Website
2024-07-22,Classic Punjabi - White,1,1850,Website
2024-07-24,Classic Punjabi - White,1,1850,Facebook
2024-07-25,Classic Punjabi - White,3,1850,Facebook
2024-07-26,Classic Punjabi - White,2,1850,Website
2024-07-27,Classic Punjabi - White,1,1850,Website
2024-07-29,Classic Punjabi - White,1,1850,Instagram
2024-07-31,Classic Punjabi - White,1,1850,Facebook
2024-08-01,Classic Punjabi - White,2,1850,Website
2024-08-02,Classic Punjabi - White,2,1850,Website
2024-08-03,Classic Punjabi - White,3,1850,Facebook
2024-08-04,Classic Punjabi - White,2,1850,Instagram
2024-08-08,Classic Punjabi - White,2,1850,Facebook
2024-08-09,Classic Punjabi - White,3,1850,Website
2024-08-10,Classic Punjabi - White,3,1850,Instagram
2024-08-11,Classic Punjabi - White,1,1850,Facebook
2024-08-12,Classic Punjabi - White,3,1850,Website
2024-08-13,Classic Punjabi - White,3,1850,Facebook
2024-08-14,Classic Punjabi - White,1,1850,Website
2024-08-15,Classic Punjabi - White,1,1850,Website
2024-08-16,Classic Punjabi - White,1,1850,Facebook
2024-08-17,Classic Punjabi - White,2,1850,Facebook
2024-08-18,Classic Punjabi - White,1,1850,Instagram
2024-08-19,Classic Punjabi - White,1,1850,Website
2024-08-21,Classic Punjabi - White,3,1850,Facebook
2024-08-22,Classic Punjabi - White,1,1850,Instagram
2024-08-23,Classic Punjabi - White,1,1850,Website
2024-08-24,Classic Punjabi - White,4,1850,Website
2024-08-25,Classic Punjabi - White,1,1850,Website
2024-08-26,Classic Punjabi - White,1,1850,Instagram
2024-08-27,Classic Punjabi - White,1,1850,Facebook
2024-08-28,Classic Punjabi - White,1,1850,Facebook
2024-08-30,Classic Punjabi - White,2,1850,Website
2024-09-01,Classic Punjabi - White,4,1850,Facebook
2024-09-03,Classic Punjabi - White,1,1850,Website
2024-09-04,Classic Punjabi - White,2,1850,Website
2024-09-05,Classic Punjabi - White,1,1850,Website
2024-09-06,Classic Punjabi - White,2,1850,Website
2024-09-07,Classic Punjabi - White,3,1850,Facebook
2024-09-08,Classic Punjabi - White,1,1850,Facebook
2024-09-09,Classic Punjabi - White,1,1850,Facebook
2024-09-10,Classic Punjabi - White,2,1850,Facebook
2024-09-13,Classic Punjabi - White,1,1850,Facebook
2024-09-15,Classic Punjabi - White,1,1850,Facebook
2024-09-16,Classic Punjabi - White,2,1850,Instagram
2024-09-18,Classic Punjabi - White,2,1850,Website
2024-09-20,Classic Punjabi - White,3,1850,Website
2024-09-21,Classic Punjabi - White,1,1850,Instagram
2024-09-23,Classic Punjabi - White,3,1850,Facebook
2024-09-24,Classic Punjabi - White,1,1850,Facebook
2024-09-25,Classic Punjabi - White,1,1850,Website
2024-09-26,Classic Punjabi - White,2,1850,Facebook
2024-09-27,Classic Punjabi - White,2,1850,Facebook
2024-09-28,Classic Punjabi - White,3,1850,Website
2024-10-01,Classic Punjabi - White,1,1850,Facebook
2024-10-03,Classic Punjabi - White,1,1850,Instagram
2024-10-04,Classic Punjabi - White,5,1850,Facebook
2024-10-05,Classic Punjabi - White,4,1850,Facebook
2024-10-07,Classic Punjabi - White,2,1850,Facebook
2024-10-09,Classic Punjabi - White,3,1850,Instagram
2024-10-11,Classic Punjabi - White,1,1850,Facebook
2024-10-12,Classic Punjabi - White,3,1850,Facebook
2024-10-13,Classic Punjabi - White,1,1850,Facebook
2024-10-14,Classic Punjabi - White,3,1850,Facebook
2024-10-16,Classic Punjabi - White,1,1850,Website
2024-10-18,Classic Punjabi - White,4,1850,Facebook
2024-10-20,Classic Punjabi - White,2,1850,Facebook
2024-10-21,Classic Punjabi - White,2,1850,Facebook
2024-10-22,Classic Punjabi - White,1,1850,Instagram
2024-10-23,Classic Punjabi - White,1,1850,Facebook
2024-10-24,Classic Punjabi - White,1,1850,Facebook
2024-10-25,Classic Punjabi - White,2,1850,Instagram
2024-10-26,Classic Punjabi - White,4,1850,Website
2024-10-27,Classic Punjabi - White,1,1850,Instagram
2024-10-28,Classic Punjabi - White,3,1850,Website
2024-10-29,Classic Punjabi - White,1,1850,Facebook
2024-10-30,Classic Punjabi - White,2,1850,Facebook
2024-11-01,Classic Punjabi - White,1,1850,Website
2024-11-02,Classic Punjabi - White,5,1850,Facebook
2024-11-03,Classic Punjabi - White,2,1850,Facebook
2024-11-05,Classic Punjabi - White,3,1850,Facebook
2024-11-06,Classic Punjabi - White,5,1850,Facebook
2024-11-07,Classic Punjabi - White,1,1850,Facebook
2024-11-08,Classic Punjabi - White,2,1850,Facebook
2024-11-09,Classic Punjabi - White,1,1850,Facebook
2024-11-10,Classic Punjabi - White,2,1850,Facebook
2024-11-11,Classic Punjabi - White,2,1850,Facebook
2024-11-12,Classic Punjabi - White,3,1850,Website
2024-11-13,Classic Punjabi - White,2,1850,Website
2024-11-15,Classic Punjabi - White,1,1850,Facebook
2024-11-16,Classic Punjabi - White,5,1850,Facebook
2024-11-18,Classic Punjabi - White,4,1850,Instagram
2024-11-20,Classic Punjabi - White,2,1850,Facebook
2024-11-21,Classic Punjabi - White,2,1850,Facebook
2024-11-24,Classic Punjabi - White,1,1850,Facebook
2024-11-25,Classic Punjabi - White,1,1850,Website
2024-11-26,Classic Punjabi - White,2,1850,Website
2024-11-28,Classic Punjabi - White,3,1850,Website
2024-11-29,Classic Punjabi - White,1,1850,Facebook
2024-11-30,Classic Punjabi - White,4,1850,Facebook
2024-12-01,Classic Punjabi - White,1,1850,Website
2024-12-02,Classic Punjabi - White,2,1850,Instagram
2024-12-03,Classic Punjabi - White,2,1850,Facebook
2024-12-04,Classic Punjabi - White,2,1850,Website
2024-12-06,Classic Punjabi - White,6,1850,Website
2024-12-08,Classic Punjabi - White,1,1850,Facebook
2024-12-09,Classic Punjabi - White,3,1850,Facebook
2024-12-10,Classic Punjabi - White,3,1850,Website
2024-12-13,Classic Punjabi - White,3,1850,Website
2024-12-14,Classic Punjabi - White,1,1850,Facebook
2024-12-15,Classic Punjabi - White,3,1850,Website
2024-12-16,Classic Punjabi - White,2,1850,Website
2024-12-17,Classic Punjabi - White,1,1850,Facebook
2024-12-18,Classic Punjabi - White,2,1850,Facebook
2024-12-19,Classic Punjabi - White,1,1850,Website
2024-12-20,Classic Punjabi - White,2,1850,Instagram
2024-12-21,Classic Punjabi - White,1,1850,Website
2024-12-22,Classic Punjabi - White,1,1850,Facebook
2024-12-23,Classic Punjabi - White,1,1850,Facebook
2024-12-25,Classic Punjabi - White,2,1850,Instagram
2024-12-26,Classic Punjabi - White,2,1850,Instagram
2024-12-27,Classic Punjabi - White,1,1850,Facebook
2024-12-28,Classic Punjabi - White,1,1850,Facebook
2024-12-29,Classic Punjabi - White,1,1850,Website
2024-12-30,Classic Punjabi - White,2,1850,Website
2024-12-31,Classic Punjabi - White,1,1850,Facebook
2025-01-01,Classic Punjabi - White,1,1850,Facebook
2025-01-03,Classic Punjabi - White,3,1850,Instagram
2025-01-04,Classic Punjabi - White,1,1850,Facebook
2025-01-06,Classic Punjabi - White,2,1850,Facebook
2025-01-07,Classic Punjabi - White,4,1850,Facebook
2025-01-08,Classic Punjabi - White,4,1850,Facebook
2025-01-09,Classic Punjabi - White,3,1850,Website
2025-01-10,Classic Punjabi - White,2,1850,Facebook
2025-01-11,Classic Punjabi - White,4,1850,Website
2025-01-12,Classic Punjabi - White,2,1850,Facebook
2025-01-15,Classic Punjabi - White,4,1850,Website
2025-01-16,Classic Punjabi - White,1,1850,Facebook
2025-01-17,Classic Punjabi - White,2,1850,Instagram
2025-01-18,Classic Punjabi - White,1,1850,Website
2025-01-20,Classic Punjabi - White,1,1850,Facebook
2025-01-21,Classic Punjabi - White,1,1850,Instagram
2025-01-23,Classic Punjabi - White,1,1850,Facebook
2025-01-26,Classic Punjabi - White,3,1850,Facebook
2025-01-27,Classic Punjabi - White,3,1850,Facebook
2025-01-28,Classic Punjabi - White,1,1850,Facebook
2025-01-30,Classic Punjabi - White,2,1850,Facebook
2025-01-31,Classic Punjabi - White,3,1850,Facebook
2025-02-01,Classic Punjabi - White,7,1850,Facebook
2025-02-02,Classic Punjabi - White,4,1850,Facebook
2025-02-04,Classic Punjabi - White,2,1850,Facebook
2025-02-05,Classic Punjabi - White,1,1850,Facebook
2025-02-06,Classic Punjabi - White,3,1850,Facebook
2025-02-07,Classic Punjabi - White,3,1850,Website
2025-02-08,Classic Punjabi - White,1,1850,Facebook
2025-02-09,Classic Punjabi - White,1,1850,Facebook
2025-02-10,Classic Punjabi - White,2,1850,Facebook
2025-02-11,Classic Punjabi - White,1,1850,Instagram
2025-02-12,Classic Punjabi - White,1,1850,Facebook
2025-02-13,Classic Punjabi - White,1,1850,Website
2025-02-14,Classic Punjabi - White,4,1850,Facebook
2025-02-15,Classic Punjabi - White,4,1850,Facebook
2025-02-16,Classic Punjabi - White,1,1850,Website
2025-02-18,Classic Punjabi - White,2,1850,Facebook
2025-02-19,Classic Punjabi - White,2,1850,Facebook
2025-02-20,Classic Punjabi - White,1,1850,Website
2025-02-21,Classic Punjabi - White,2,1850,Facebook
2025-02-22,Classic Punjabi - White,1,1850,Facebook
2025-02-23,Classic Punjabi - White,1,1850,Facebook
2025-02-24,Classic Punjabi - White,1,1850,Instagram
2025-02-25,Classic Punjabi - White,1,1850,Facebook
2025-02-27,Classic Punjabi - White,1,1850,Website
2025-02-28,Classic Punjabi - White,2,1850,Instagram
2025-03-01,Classic Punjabi - White,2,1850,Facebook
2025-03-02,Classic Punjabi - White,1,1850,Facebook
2025-03-03,Classic Punjabi - White,2,1850,Facebook
2025-03-04,Classic Punjabi - White,3,1850,Facebook
2025-03-05,Classic Punjabi - White,1,1850,Facebook
2025-03-07,Classic Punjabi - White,3,1850,Instagram
2025-03-08,Classic Punjabi - White,2,1850,Website
2025-03-09,Classic Punjabi - White,1,1850,Instagram
2025-03-10,Classic Punjabi - White,3,1850,Facebook
2025-03-11,Classic Punjabi - White,3,1850,Facebook
2025-03-12,Classic Punjabi - White,4,1850,Facebook
2025-03-13,Classic Punjabi - White,4,1850,Facebook
2025-03-14,Classic Punjabi - White,3,1850,Facebook
2025-03-15,Classic Punjabi - White,7,1850,Facebook
2025-03-16,Classic Punjabi - White,4,1850,Facebook
2025-03-17,Classic Punjabi - White,3,1850,Facebook
2025-03-18,Classic Punjabi - White,4,1850,Website
2025-03-19,Classic Punjabi - White,5,1850,Instagram
2025-03-20,Classic Punjabi - White,10,1850,Facebook
2025-03-21,Classic Punjabi - White,10,1850,Facebook
2025-03-22,Classic Punjabi - White,15,1850,Instagram
2025-03-23,Classic Punjabi - White,6,1850,Facebook
2025-03-24,Classic Punjabi - White,7,1850,Facebook
2025-03-25,Classic Punjabi - White,11,1850,Facebook
2025-03-26,Classic Punjabi - White,9,1850,Website
2025-03-27,Classic Punjabi - White,8,1850,Website
2025-03-28,Classic Punjabi - White,15,1850,Facebook
2025-03-29,Classic Punjabi - White,10,1850,Facebook
2025-03-30,Classic Punjabi - White,8,1850,Website
2025-03-31,Classic Punjabi - White,4,1850,Instagram
2025-04-01,Classic Punjabi - White,9,1850,Facebook
2025-04-03,Classic Punjabi - White,2,1850,Facebook
2025-04-04,Classic Punjabi - White,2,1850,Facebook
2025-04-06,Classic Punjabi - White,2,1850,Instagram
2025-04-07,Classic Punjabi - White,1,1850,Facebook
2025-04-08,Classic Punjabi - White,4,1850,Facebook
2025-04-09,Classic Punjabi - White,2,1850,Facebook
2025-04-10,Classic Punjabi - White,2,1850,Facebook
2025-04-11,Classic Punjabi - White,9,1850,Facebook
2025-04-12,Classic Punjabi - White,6,1850,Facebook
2025-04-13,Classic Punjabi - White,4,1850,Website
2025-04-16,Classic Punjabi - White,1,1850,Facebook
2025-04-17,Classic Punjabi - White,2,1850,Facebook
2025-04-18,Classic Punjabi - White,3,1850,Facebook
2025-04-19,Classic Punjabi - White,1,1850,Instagram
2025-04-20,Classic Punjabi - White,4,1850,Instagram
2025-04-22,Classic Punjabi - White,1,1850,Facebook
2025-04-23,Classic Punjabi - White,4,1850,Facebook
2025-04-24,Classic Punjabi - White,2,1850,Facebook
2025-04-25,Classic Punjabi - White,2,1850,Facebook
2025-04-26,Classic Punjabi - White,3,1850,Facebook
2025-04-27,Classic Punjabi - White,2,1850,Website
2025-04-29,Classic Punjabi - White,1,1850,Facebook
2025-04-30,Classic Punjabi - White,1,1850,Facebook
2025-05-01,Classic Punjabi - White,1,1850,Facebook
2025-05-02,Classic Punjabi - White,4,1850,Instagram
2025-05-03,Classic Punjabi - White,3,1850,Facebook
2025-05-04,Classic Punjabi - White,1,1850,Facebook
2025-05-05,Classic Punjabi - White,1,1850,Instagram
2025-05-06,Classic Punjabi - White,1,1850,Website
2025-05-07,Classic Punjabi - White,2,1850,Facebook
2025-05-08,Classic Punjabi - White,2,1850,Facebook
2025-05-10,Classic Punjabi - White,3,1850,Website
2025-05-11,Classic Punjabi - White,2,1850,Website
2025-05-15,Classic Punjabi - White,2,1850,Instagram
2025-05-16,Classic Punjabi - White,6,1850,Instagram
2025-05-17,Classic Punjabi - White,3,1850,Facebook
2025-05-18,Classic Punjabi - White,1,1850,Website
2025-05-20,Classic Punjabi - White,2,1850,Instagram
2025-05-21,Classic Punjabi - White,1,1850,Facebook
2025-05-22,Classic Punjabi - White,1,1850,Website
2025-05-23,Classic Punjabi - White,4,1850,Website
2025-05-24,Classic Punjabi - White,4,1850,Website
2025-05-26,Classic Punjabi - White,3,1850,Website
2025-05-27,Classic Punjabi - White,2,1850,Facebook
2025-05-28,Classic Punjabi - White,3,1850,Instagram
2025-05-29,Classic Punjabi - White,3,1850,Facebook
2025-05-30,Classic Punjabi - White,4,1850,Facebook
2025-05-31,Classic Punjabi - White,5,1850,Facebook
2025-06-01,Classic Punjabi - White,3,1850,Website
2025-06-02,Classic Punjabi - White,4,1850,Facebook
2025-06-03,Classic Punjabi - White,2,1850,Facebook
2025-06-04,Classic Punjabi - White,6,1850,Facebook
2025-06-05,Classic Punjabi - White,5,1850,Facebook
2025-06-06,Classic Punjabi - White,5,1850,Facebook
2025-06-07,Classic Punjabi - White,4,1850,Facebook
2025-06-08,Classic Punjabi - White,5,1850,Facebook
2025-06-10,Classic Punjabi - White,2,1850,Facebook
2025-06-11,Classic Punjabi - White,3,1850,Website
2025-06-12,Classic Punjabi - White,2,1850,Website
2025-06-13,Classic Punjabi - White,5,1850,Facebook
2025-06-14,Classic Punjabi - White,3,1850,Instagram
2025-06-15,Classic Punjabi - White,1,1850,Facebook
2025-06-16,Classic Punjabi - White,4,1850,Instagram
2025-06-17,Classic Punjabi - White,2,1850,Facebook
2025-06-19,Classic Punjabi - White,2,1850,Facebook
2025-06-20,Classic Punjabi - White,3,1850,Facebook
2025-06-21,Classic Punjabi - White,1,1850,Website
2025-06-23,Classic Punjabi - White,2,1850,Website
2025-06-24,Classic Punjabi - White,1,1850,Website
2025-06-27,Classic Punjabi - White,2,1850,Facebook
2025-06-28,Classic Punjabi - White,3,1850,Facebook
2025-06-30,Classic Punjabi - White,3,1850,Website
2025-07-02,Classic Punjabi - White,2,1850,Website
2025-07-04,Classic Punjabi - White,3,1850,Facebook
2025-07-05,Classic Punjabi - White,2,1850,Facebook
2025-07-06,Classic Punjabi - White,2,1850,Facebook
2025-07-07,Classic Punjabi - White,3,1850,Instagram
2025-07-10,Classic Punjabi - White,1,1850,Facebook
2025-07-11,Classic Punjabi - White,2,1850,Facebook
2025-07-12,Classic Punjabi - White,3,1850,Instagram
2025-07-13,Classic Punjabi - White,1,1850,Facebook
2025-07-14,Classic Punjabi - White,1,1850,Website
2025-07-15,Classic Punjabi - White,2,1850,Website
2025-07-16,Classic Punjabi - White,2,1850,Facebook
2025-07-17,Classic Punjabi - White,2,1850,Facebook
2025-07-18,Classic Punjabi - White,4,1850,Facebook
2025-07-20,Classic Punjabi - White,2,1850,Instagram
2025-07-21,Classic Punjabi - White,2,1850,Instagram
2025-07-22,Classic Punjabi - White,3,1850,Instagram
2025-07-23,Classic Punjabi - White,2,1850,Facebook
2025-07-25,Classic Punjabi - White,3,1850,Instagram
2025-07-27,Classic Punjabi - White,2,1850,Facebook
2025-07-29,Classic Punjabi - White,1,1850,Facebook
2025-07-31,Classic Punjabi - White,1,1850,Website
2025-08-01,Classic Punjabi - White,3,1850,Website
2025-08-02,Classic Punjabi - White,5,1850,Facebook
2025-08-03,Classic Punjabi - White,2,1850,Facebook
2025-08-04,Classic Punjabi - White,4,1850,Facebook
2025-08-06,Classic Punjabi - White,1,1850,Instagram
2025-08-07,Classic Punjabi - White,2,1850,Facebook
2025-08-08,Classic Punjabi - White,3,1850,Instagram
2025-08-09,Classic Punjabi - White,1,1850,Facebook
2025-08-10,Classic Punjabi - White,3,1850,Website
2025-08-11,Classic Punjabi - White,3,1850,Instagram
2025-08-12,Classic Punjabi - White,3,1850,Website
2025-08-13,Classic Punjabi - White,2,1850,Instagram
2025-08-14,Classic Punjabi - White,1,1850,Instagram
2025-08-15,Classic Punjabi - White,2,1850,Facebook
2025-08-16,Classic Punjabi - White,5,1850,Facebook
2025-08-17,Classic Punjabi - White,2,1850,Website
2025-08-18,Classic Punjabi - White,2,1850,Website
2025-08-19,Classic Punjabi - White,2,1850,Facebook
2025-08-20,Classic Punjabi - White,1,1850,Facebook
2025-08-21,Classic Punjabi - White,1,1850,Facebook
2025-08-22,Classic Punjabi - White,3,1850,Website
2025-08-23,Classic Punjabi - White,2,1850,Facebook
2025-08-24,Classic Punjabi - White,2,1850,Website
2025-08-25,Classic Punjabi - White,3,1850,Facebook
2025-08-26,Classic Punjabi - White,1,1850,Website
2025-08-30,Classic Punjabi - White,4,1850,Website
2025-08-31,Classic Punjabi - White,1,1850,Instagram
2025-09-02,Classic Punjabi - White,2,1850,Facebook
2025-09-03,Classic Punjabi - White,1,1850,Website
2025-09-04,Classic Punjabi - White,2,1850,Facebook
2025-09-05,Classic Punjabi - White,6,1850,Facebook
2025-09-06,Classic Punjabi - White,1,1850,Facebook
2025-09-07,Classic Punjabi - White,2,1850,Facebook
2025-09-10,Classic Punjabi - White,2,1850,Website
2025-09-11,Classic Punjabi - White,2,1850,Website
2025-09-12,Classic Punjabi - White,2,1850,Facebook
2025-09-13,Classic Punjabi - White,1,1850,Facebook
2025-09-14,Classic Punjabi - White,3,1850,Facebook
2025-09-15,Classic Punjabi - White,1,1850,Facebook
2025-09-16,Classic Punjabi - White,2,1850,Facebook
2025-09-17,Classic Punjabi - White,1,1850,Facebook
2025-09-18,Classic Punjabi - White,1,1850,Instagram
2025-09-19,Classic Punjabi - White,1,1850,Facebook
2025-09-20,Classic Punjabi - White,2,1850,Facebook
2025-09-21,Classic Punjabi - White,1,1850,Website
2025-09-22,Classic Punjabi - White,1,1850,Facebook
2025-09-24,Classic Punjabi - White,1,1850,Website
2025-09-26,Classic Punjabi - White,3,1850,Website
2025-09-27,Classic Punjabi - White,3,1850,Facebook
2025-09-28,Classic Punjabi - White,1,1850,Facebook
2025-09-29,Classic Punjabi - White,3,1850,Facebook
2025-09-30,Classic Punjabi - White,2,1850,Instagram
2025-10-01,Classic Punjabi - White,1,1850,Website
2025-10-02,Classic Punjabi - White,3,1850,Instagram
2025-10-03,Classic Punjabi - White,3,1850,Facebook
2025-10-04,Classic Punjabi - White,3,1850,Facebook
2025-10-05,Classic Punjabi - White,4,1850,Website
2025-10-06,Classic Punjabi - White,1,1850,Facebook
2025-10-07,Classic Punjabi - White,2,1850,Facebook
2025-10-08,Classic Punjabi - White,2,1850,Facebook
2025-10-09,Classic Punjabi - White,1,1850,Instagram
2025-10-10,Classic Punjabi - White,1,1850,Facebook
2025-10-12,Classic Punjabi - White,2,1850,Website
2025-10-14,Classic Punjabi - White,1,1850,Website
2025-10-15,Classic Punjabi - White,1,1850,Website
2025-10-16,Classic Punjabi - White,6,1850,Website
2025-10-17,Classic Punjabi - White,1,1850,Facebook
2025-10-18,Classic Punjabi - White,3,1850,Facebook
2025-10-19,Classic Punjabi - White,1,1850,Facebook
2025-10-20,Classic Punjabi - White,2,1850,Website
2025-10-21,Classic Punjabi - White,3,1850,Facebook
2025-10-22,Classic Punjabi - White,1,1850,Facebook
2025-10-23,Classic Punjabi - White,1,1850,Facebook
2025-10-24,Classic Punjabi - White,4,1850,Facebook
2025-10-25,Classic Punjabi - White,3,1850,Facebook
2025-10-26,Classic Punjabi - White,2,1850,Facebook
2025-10-27,Classic Punjabi - White,3,1850,Facebook
2025-10-28,Classic Punjabi - White,1,1850,Facebook
2025-10-30,Classic Punjabi - White,2,1850,Facebook
2025-10-31,Classic Punjabi - White,3,1850,Facebook
2025-11-01,Classic Punjabi - White,1,1850,Website
2025-11-02,Classic Punjabi - White,3,1850,Facebook
2025-11-03,Classic Punjabi - White,1,1850,Facebook
2025-11-04,Classic Punjabi - White,1,1850,Facebook
2025-11-05,Classic Punjabi - White,1,1850,Website
2025-11-06,Classic Punjabi - White,2,1850,Facebook
2025-11-07,Classic Punjabi - White,2,1850,Facebook
2025-11-08,Classic Punjabi - White,1,1850,Facebook
2025-11-09,Classic Punjabi - White,4,1850,Website
2025-11-10,Classic Punjabi - White,1,1850,Facebook
2025-11-11,Classic Punjabi - White,1,1850,Instagram
2025-11-12,Classic Punjabi - White,1,1850,Website
2025-11-13,Classic Punjabi - White,2,1850,Website
2025-11-14,Classic Punjabi - White,3,1850,Facebook
2025-11-15,Classic Punjabi - White,1,1850,Facebook
2025-11-17,Classic Punjabi - White,1,1850,Website
2025-11-20,Classic Punjabi - White,1,1850,Website
2025-11-22,Classic Punjabi - White,3,1850,Instagram
2025-11-23,Classic Punjabi - White,1,1850,Instagram
2025-11-25,Classic Punjabi - White,2,1850,Instagram
2025-11-26,Classic Punjabi - White,3,1850,Facebook
2025-11-27,Classic Punjabi - White,3,1850,Website
2025-11-28,Classic Punjabi - White,2,1850,Facebook
2025-11-29,Classic Punjabi - White,3,1850,Instagram
2025-11-30,Classic Punjabi - White,3,1850,Instagram
2025-12-01,Classic Punjabi - White,2,1850,Website
2025-12-02,Classic Punjabi - White,3,1850,Facebook
2025-12-03,Classic Punjabi - White,2,1850,Facebook
2025-12-04,Classic Punjabi - White,2,1850,Website
2025-12-05,Classic Punjabi - White,2,1850,Website
2025-12-06,Classic Punjabi - White,4,1850,Website
2025-12-07,Classic Punjabi - White,3,1850,Website
2025-12-08,Classic Punjabi - White,2,1850,Website
2025-12-09,Classic Punjabi - White,2,1850,Website
2025-12-10,Classic Punjabi - White,1,1850,Facebook
2025-12-11,Classic Punjabi - White,2,1850,Website
2025-12-12,Classic Punjabi - White,3,1850,Facebook
2025-12-13,Classic Punjabi - White,3,1850,Website
2025-12-15,Classic Punjabi - White,2,1850,Facebook
2025-12-17,Classic Punjabi - White,1,1850,Facebook
2025-12-19,Classic Punjabi - White,3,1850,Facebook
2025-12-20,Classic Punjabi - White,2,1850,Facebook
2025-12-21,Classic Punjabi - White,2,1850,Instagram
2025-12-22,Classic Punjabi - White,3,1850,Website
2025-12-23,Classic Punjabi - White,2,1850,Instagram
2025-12-24,Classic Punjabi - White,2,1850,Website
2025-12-27,Classic Punjabi - White,1,1850,Facebook
2025-12-28,Classic Punjabi - White,1,1850,Website
2025-12-29,Classic Punjabi - White,2,1850,Website
2025-12-30,Classic Punjabi - White,1,1850,Website
2025-12-31,Classic Punjabi - White,1,1850,Facebook
2026-01-01,Classic Punjabi - White,2,1850,Facebook
2026-01-02,Classic Punjabi - White,4,1850,Website
2026-01-03,Classic Punjabi - White,3,1850,Facebook
2026-01-04,Classic Punjabi - White,1,1850,Facebook
2026-01-05,Classic Punjabi - White,5,1850,Facebook
2026-01-06,Classic Punjabi - White,4,1850,Facebook
2026-01-07,Classic Punjabi - White,3,1850,Facebook
2026-01-08,Classic Punjabi - White,3,1850,Facebook
2026-01-09,Classic Punjabi - White,4,1850,Facebook
2026-01-10,Classic Punjabi - White,4,1850,Instagram
2026-01-11,Classic Punjabi - White,1,1850,Website
2026-01-12,Classic Punjabi - White,2,1850,Facebook
2026-01-13,Classic Punjabi - White,4,1850,Website
2026-01-15,Classic Punjabi - White,5,1850,Website
2026-01-16,Classic Punjabi - White,3,1850,Instagram
2026-01-17,Classic Punjabi - White,2,1850,Website
2026-01-18,Classic Punjabi - White,2,1850,Website
2026-01-21,Classic Punjabi - White,3,1850,Website
2026-01-23,Classic Punjabi - White,1,1850,Facebook
2026-01-24,Classic Punjabi - White,1,1850,Facebook
2026-01-26,Classic Punjabi - White,1,1850,Facebook
2026-01-27,Classic Punjabi - White,1,1850,Website
2026-01-28,Classic Punjabi - White,2,1850,Website
2026-01-29,Classic Punjabi - White,1,1850,Facebook
2026-01-30,Classic Punjabi - White,2,1850,Facebook
2026-01-31,Classic Punjabi - White,1,1850,Facebook
2026-02-01,Classic Punjabi - White,4,1850,Facebook
2026-02-02,Classic Punjabi - White,2,1850,Facebook
2026-02-03,Classic Punjabi - White,4,1850,Website
2026-02-05,Classic Punjabi - White,2,1850,Facebook
2026-02-06,Classic Punjabi - White,3,1850,Instagram
2026-02-08,Classic Punjabi - White,4,1850,Instagram
2026-02-09,Classic Punjabi - White,3,1850,Facebook
2026-02-10,Classic Punjabi - White,2,1850,Website
2026-02-11,Classic Punjabi - White,2,1850,Website
2026-02-12,Classic Punjabi - White,1,1850,Website
2026-02-13,Classic Punjabi - White,5,1850,Facebook
2026-02-14,Classic Punjabi - White,6,1850,Facebook
2026-02-15,Classic Punjabi - White,3,1850,Facebook
2026-02-16,Classic Punjabi - White,2,1850,Website
2026-02-17,Classic Punjabi - White,1,1850,Website
2026-02-18,Classic Punjabi - White,5,1850,Instagram
2026-02-19,Classic Punjabi - White,1,1850,Website
2026-02-20,Classic Punjabi - White,1,1850,Facebook
2026-02-21,Classic Punjabi - White,5,1850,Facebook
2026-02-22,Classic Punjabi - White,3,1850,Facebook
2026-02-23,Classic Punjabi - White,3,1850,Facebook
2026-02-24,Classic Punjabi - White,1,1850,Facebook
2026-02-25,Classic Punjabi - White,2,1850,Facebook
2026-02-26,Classic Punjabi - White,5,1850,Website
2026-02-27,Classic Punjabi - White,4,1850,Facebook
2026-02-28,Classic Punjabi - White,1,1850,Instagram
2026-03-02,Classic Punjabi - White,3,1850,Facebook
2026-03-03,Classic Punjabi - White,4,1850,Facebook
2026-03-04,Classic Punjabi - White,4,1850,Facebook
2026-03-05,Classic Punjabi - White,6,1850,Facebook
2026-03-06,Classic Punjabi - White,10,1850,Facebook
2026-03-07,Classic Punjabi - White,6,1850,Facebook
2026-03-08,Classic Punjabi - White,7,1850,Facebook
2026-03-09,Classic Punjabi - White,10,1850,Facebook
2026-03-10,Classic Punjabi - White,5,1850,Facebook
2026-03-11,Classic Punjabi - White,9,1850,Facebook
2026-03-12,Classic Punjabi - White,5,1850,Facebook
2026-03-13,Classic Punjabi - White,16,1850,Facebook
2026-03-14,Classic Punjabi - White,13,1850,Facebook
2026-03-15,Classic Punjabi - White,7,1850,Facebook
2026-03-16,Classic Punjabi - White,7,1850,Facebook
2026-03-17,Classic Punjabi - White,7,1850,Facebook
2026-03-18,Classic Punjabi - White,11,1850,Website
2026-03-19,Classic Punjabi - White,18,1850,Facebook
2026-03-20,Classic Punjabi - White,21,1850,Website
2026-03-21,Classic Punjabi - White,15,1850,Facebook
2026-03-22,Classic Punjabi - White,10,1850,Facebook
2026-03-23,Classic Punjabi - White,3,1850,Website
2026-03-24,Classic Punjabi - White,1,1850,Facebook
2026-03-25,Classic Punjabi - White,3,1850,Facebook
2026-03-26,Classic Punjabi - White,1,1850,Facebook
2026-03-27,Classic Punjabi - White,4,1850,Instagram
2026-03-28,Classic Punjabi - White,4,1850,Facebook
2026-03-29,Classic Punjabi - White,2,1850,Facebook
2026-03-30,Classic Punjabi - White,2,1850,Website
2026-03-31,Classic Punjabi - White,3,1850,Facebook
2026-04-01,Classic Punjabi - White,4,1850,Facebook
2026-04-02,Classic Punjabi - White,2,1850,Website
2026-04-03,Classic Punjabi - White,4,1850,Instagram
2026-04-04,Classic Punjabi - White,5,1850,Website
2026-04-05,Classic Punjabi - White,1,1850,Website
2026-04-06,Classic Punjabi - White,1,1850,Facebook
2026-04-07,Classic Punjabi - White,2,1850,Facebook
2026-04-08,Classic Punjabi - White,1,1850,Facebook
2026-04-09,Classic Punjabi - White,2,1850,Facebook
2026-04-10,Classic Punjabi - White,9,1850,Facebook
2026-04-11,Classic Punjabi - White,8,1850,Facebook
2026-04-12,Classic Punjabi - White,6,1850,Facebook
2026-04-13,Classic Punjabi - White,3,1850,Facebook
2026-04-14,Classic Punjabi - White,2,1850,Facebook
2026-04-15,Classic Punjabi - White,3,1850,Instagram
2026-04-16,Classic Punjabi - White,1,1850,Facebook
2026-04-17,Classic Punjabi - White,3,1850,Facebook
2026-04-18,Classic Punjabi - White,1,1850,Website
2026-04-19,Classic Punjabi - White,2,1850,Website
2026-04-21,Classic Punjabi - White,2,1850,Website
2026-04-22,Classic Punjabi - White,1,1850,Facebook
2026-04-23,Classic Punjabi - White,2,1850,Facebook
2026-04-24,Classic Punjabi - White,3,1850,Facebook
2026-04-25,Classic Punjabi - White,4,1850,Website
2026-04-26,Classic Punjabi - White,2,1850,Facebook
2026-04-27,Classic Punjabi - White,1,1850,Instagram
2026-04-28,Classic Punjabi - White,3,1850,Facebook
2026-04-30,Classic Punjabi - White,3,1850,Facebook
2026-05-01,Classic Punjabi - White,4,1850,Instagram
2026-05-02,Classic Punjabi - White,1,1850,Facebook
2026-05-03,Classic Punjabi - White,1,1850,Instagram
2026-05-04,Classic Punjabi - White,3,1850,Instagram
2026-05-05,Classic Punjabi - White,1,1850,Facebook
2026-05-06,Classic Punjabi - White,1,1850,Facebook
2026-05-07,Classic Punjabi - White,5,1850,Facebook
2026-05-08,Classic Punjabi - White,2,1850,Facebook
2026-05-09,Classic Punjabi - White,3,1850,Website
2026-05-10,Classic Punjabi - White,2,1850,Facebook
2026-05-11,Classic Punjabi - White,6,1850,Website
2026-05-12,Classic Punjabi - White,2,1850,Facebook
2026-05-13,Classic Punjabi - White,3,1850,Facebook
2026-05-14,Classic Punjabi - White,2,1850,Website
2026-05-15,Classic Punjabi - White,2,1850,Facebook
2026-05-16,Classic Punjabi - White,1,1850,Website
2026-05-17,Classic Punjabi - White,7,1850,Facebook
2026-05-19,Classic Punjabi - White,2,1850,Facebook
2026-05-20,Classic Punjabi - White,1,1850,Website
2026-05-21,Classic Punjabi - White,5,1850,Instagram
2026-05-22,Classic Punjabi - White,2,1850,Instagram
2026-05-23,Classic Punjabi - White,6,1850,Facebook
2026-05-24,Classic Punjabi - White,1,1850,Facebook
2026-05-25,Classic Punjabi - White,7,1850,Facebook
2026-05-26,Classic Punjabi - White,4,1850,Facebook
2026-05-27,Classic Punjabi - White,2,1850,Website
2026-05-28,Classic Punjabi - White,4,1850,Facebook
2026-05-29,Classic Punjabi - White,3,1850,Website
2026-05-30,Classic Punjabi - White,3,1850,Facebook
2026-05-31,Classic Punjabi - White,1,1850,Website
2026-06-01,Classic Punjabi - White,1,1850,Facebook
2026-06-02,Classic Punjabi - White,2,1850,Facebook
2026-06-04,Classic Punjabi - White,3,1850,Facebook
2026-06-05,Classic Punjabi - White,3,1850,Website
2026-06-06,Classic Punjabi - White,4,1850,Facebook
2026-06-07,Classic Punjabi - White,4,1850,Facebook
2026-06-09,Classic Punjabi - White,2,1850,Facebook
2026-06-10,Classic Punjabi - White,1,1850,Instagram
2026-06-11,Classic Punjabi - White,4,1850,Facebook
2026-06-12,Classic Punjabi - White,2,1850,Facebook
2026-06-13,Classic Punjabi - White,3,1850,Facebook
2026-06-14,Classic Punjabi - White,1,1850,Website
2026-06-17,Classic Punjabi - White,2,1850,Instagram
2026-06-19,Classic Punjabi - White,5,1850,Facebook
2026-06-20,Classic Punjabi - White,3,1850,Facebook
2026-06-21,Classic Punjabi - White,1,1850,Website
2026-06-22,Classic Punjabi - White,1,1850,Website
2026-06-23,Classic Punjabi - White,4,1850,Website
2026-06-24,Classic Punjabi - White,3,1850,Website
2026-06-25,Classic Punjabi - White,2,1850,Instagram
2026-06-26,Classic Punjabi - White,5,1850,Facebook
2026-06-27,Classic Punjabi - White,6,1850,Facebook
2026-06-29,Classic Punjabi - White,3,1850,Facebook
2026-06-30,Classic Punjabi - White,4,1850,Instagram
2026-07-01,Classic Punjabi - White,2,1850,Facebook
2026-07-02,Classic Punjabi - White,1,1850,Facebook
2026-07-03,Classic Punjabi - White,5,1850,Facebook
2026-07-04,Classic Punjabi - White,4,1850,Facebook
2026-07-05,Classic Punjabi - White,3,1850,Facebook
2026-07-06,Classic Punjabi - White,2,1850,Facebook
2026-07-07,Classic Punjabi - White,5,1850,Facebook
2026-07-08,Classic Punjabi - White,2,1850,Website
2026-07-10,Classic Punjabi - White,6,1850,Facebook
2026-07-11,Classic Punjabi - White,1,1850,Facebook
2026-07-12,Classic Punjabi - White,4,1850,Website
2026-07-13,Classic Punjabi - White,2,1850,Instagram
2026-07-14,Classic Punjabi - White,1,1850,Facebook
2026-07-15,Classic Punjabi - White,1,1850,Website
2026-07-16,Classic Punjabi - White,6,1850,Facebook
2026-07-17,Classic Punjabi - White,7,1850,Instagram
2026-07-18,Classic Punjabi - White,2,1850,Instagram
2026-07-19,Classic Punjabi - White,1,1850,Facebook
2026-07-21,Classic Punjabi - White,4,1850,Facebook
2026-07-22,Classic Punjabi - White,2,1850,Instagram
2026-07-23,Classic Punjabi - White,3,1850,Website
2026-07-24,Classic Punjabi - White,3,1850,Website
2026-07-25,Classic Punjabi - White,4,1850,Facebook
2026-07-27,Classic Punjabi - White,4,1850,Instagram
2026-07-28,Classic Punjabi - White,1,1850,Facebook
2026-07-29,Classic Punjabi - White,2,1850,Website
2026-07-30,Classic Punjabi - White,5,1850,Facebook
2026-07-31,Classic Punjabi - White,1,1850,Instagram
2026-08-01,Classic Punjabi - White,4,1850,Facebook
2026-08-02,Classic Punjabi - White,3,1850,Facebook
2026-08-03,Classic Punjabi - White,4,1850,Facebook
2026-08-05,Classic Punjabi - White,2,1850,Facebook
2026-08-06,Classic Punjabi - White,2,1850,Facebook
2026-08-07,Classic Punjabi - White,2,1850,Website
2026-08-08,Classic Punjabi - White,5,1850,Facebook
2026-08-09,Classic Punjabi - White,7,1850,Facebook
2026-08-10,Classic Punjabi - White,1,1850,Website
2026-08-11,Classic Punjabi - White,1,1850,Website
2026-08-13,Classic Punjabi - White,6,1850,Website
2026-08-14,Classic Punjabi - White,5,1850,Instagram
2026-08-15,Classic Punjabi - White,3,1850,Facebook
2026-08-16,Classic Punjabi - White,1,1850,Facebook
2026-08-17,Classic Punjabi - White,1,1850,Facebook
2026-08-19,Classic Punjabi - White,3,1850,Instagram
2026-08-20,Classic Punjabi - White,3,1850,Website
2026-08-21,Classic Punjabi - White,4,1850,Facebook
2026-08-22,Classic Punjabi - White,6,1850,Facebook
2026-08-23,Classic Punjabi - White,1,1850,Website
2026-08-24,Classic Punjabi - White,2,1850,Website
2026-08-25,Classic Punjabi - White,2,1850,Website
2026-08-26,Classic Punjabi - White,1,1850,Facebook
2026-08-27,Classic Punjabi - White,3,1850,Website
2026-08-28,Classic Punjabi - White,5,1850,Website
2026-08-29,Classic Punjabi - White,2,1850,Facebook
2026-08-30,Classic Punjabi - White,2,1850,Facebook
2026-09-01,Classic Punjabi - White,1,1850,Facebook
2026-09-02,Classic Punjabi - White,2,1850,Website
2026-09-03,Classic Punjabi - White,4,1850,Instagram
2026-09-04,Classic Punjabi - White,3,1850,Facebook
2026-09-05,Classic Punjabi - White,3,1850,Website
2026-09-06,Classic Punjabi - White,2,1850,Website
2026-09-07,Classic Punjabi - White,9,1850,Facebook
2026-09-08,Classic Punjabi - White,2,1850,Facebook
2026-09-10,Classic Punjabi - White,3,1850,Website
2026-09-11,Classic Punjabi - White,2,1850,Website
2026-09-12,Classic Punjabi - White,5,1850,Facebook
2026-09-13,Classic Punjabi - White,2,1850,Facebook
2026-09-14,Classic Punjabi - White,1,1850,Website
2026-09-15,Classic Punjabi - White,2,1850,Facebook
2026-09-16,Classic Punjabi - White,3,1850,Website
2026-09-17,Classic Punjabi - White,1,1850,Facebook
2026-09-18,Classic Punjabi - White,5,1850,Facebook
2026-09-19,Classic Punjabi - White,1,1850,Website
2026-09-20,Classic Punjabi - White,4,1850,Facebook
2026-09-22,Classic Punjabi - White,2,1850,Website
2026-09-23,Classic Punjabi - White,2,1850,Facebook
2026-09-24,Classic Punjabi - White,3,1850,Facebook
2026-09-27,Classic Punjabi - White,1,1850,Facebook
2026-09-28,Classic Punjabi - White,1,1850,Facebook
2026-09-30,Classic Punjabi - White,1,1850,Website
2024-01-01,Embroidered Punjabi - Maroon,1,2450,Facebook
2024-01-02,Embroidered Punjabi - Maroon,1,2450,Instagram
2024-01-03,Embroidered Punjabi - Maroon,1,2450,Facebook
2024-01-06,Embroidered Punjabi - Maroon,1,2450,Website
2024-01-07,Embroidered Punjabi - Maroon,1,2450,Website
2024-01-08,Embroidered Punjabi - Maroon,1,2450,Facebook
2024-01-09,Embroidered Punjabi - Maroon,1,2450,Facebook
2024-01-11,Embroidered Punjabi - Maroon,1,2450,Facebook
2024-01-18,Embroidered Punjabi - Maroon,1,2450,Instagram
2024-01-20,Embroidered Punjabi - Maroon,1,2450,Facebook
2024-01-21,Embroidered Punjabi - Maroon,2,2450,Facebook
2024-01-22,Embroidered Punjabi - Maroon,1,2450,Instagram
2024-01-25,Embroidered Punjabi - Maroon,1,2450,Website
2024-01-27,Embroidered Punjabi - Maroon,2,2450,Instagram
2024-01-31,Embroidered Punjabi - Maroon,1,2450,Facebook
2024-02-03,Embroidered Punjabi - Maroon,1,2450,Facebook
2024-02-04,Embroidered Punjabi - Maroon,2,2450,Website
2024-02-06,Embroidered Punjabi - Maroon,1,2450,Facebook
2024-02-09,Embroidered Punjabi - Maroon,2,2450,Facebook
2024-02-10,Embroidered Punjabi - Maroon,1,2450,Facebook
2024-02-11,Embroidered Punjabi - Maroon,1,2450,Facebook
2024-02-12,Embroidered Punjabi - Maroon,1,2450,Facebook
2024-02-16,Embroidered Punjabi - Maroon,3,2450,Facebook
2024-02-18,Embroidered Punjabi - Maroon,1,2450,Facebook
2024-02-19,Embroidered Punjabi - Maroon,1,2450,Facebook
2024-02-22,Embroidered Punjabi - Maroon,1,2450,Facebook
2024-02-23,Embroidered Punjabi - Maroon,2,2450,Instagram
2024-02-29,Embroidered Punjabi - Maroon,1,2450,Facebook
2024-03-01,Embroidered Punjabi - Maroon,1,2450,Facebook
2024-03-02,Embroidered Punjabi - Maroon,1,2450,Facebook
2024-03-04,Embroidered Punjabi - Maroon,1,2450,Website
2024-03-06,Embroidered Punjabi - Maroon,1,2450,Facebook
2024-03-07,Embroidered Punjabi - Maroon,1,2450,Facebook
2024-03-09,Embroidered Punjabi - Maroon,1,2450,Facebook
2024-03-12,Embroidered Punjabi - Maroon,1,2450,Facebook
2024-03-13,Embroidered Punjabi - Maroon,1,2450,Facebook
2024-03-14,Embroidered Punjabi - Maroon,1,2450,Facebook
2024-03-15,Embroidered Punjabi - Maroon,1,2450,Facebook
2024-03-16,Embroidered Punjabi - Maroon,1,2450,Facebook
2024-03-22,Embroidered Punjabi - Maroon,2,2450,Website
2024-03-23,Embroidered Punjabi - Maroon,3,2450,Facebook
2024-03-25,Embroidered Punjabi - Maroon,2,2450,Website
2024-03-26,Embroidered Punjabi - Maroon,2,2450,Facebook
2024-03-27,Embroidered Punjabi - Maroon,1,2450,Website
2024-03-28,Embroidered Punjabi - Maroon,2,2450,Facebook
2024-03-29,Embroidered Punjabi - Maroon,4,2450,Facebook
2024-03-30,Embroidered Punjabi - Maroon,2,2450,Instagram
2024-03-31,Embroidered Punjabi - Maroon,1,2450,Facebook
2024-04-01,Embroidered Punjabi - Maroon,2,2450,Website
2024-04-02,Embroidered Punjabi - Maroon,3,2450,Facebook
2024-04-04,Embroidered Punjabi - Maroon,5,2450,Facebook
2024-04-05,Embroidered Punjabi - Maroon,3,2450,Facebook
2024-04-06,Embroidered Punjabi - Maroon,6,2450,Facebook
2024-04-07,Embroidered Punjabi - Maroon,7,2450,Facebook
2024-04-08,Embroidered Punjabi - Maroon,4,2450,Website
2024-04-09,Embroidered Punjabi - Maroon,3,2450,Instagram
2024-04-10,Embroidered Punjabi - Maroon,3,2450,Facebook
2024-04-12,Embroidered Punjabi - Maroon,5,2450,Instagram
2024-04-13,Embroidered Punjabi - Maroon,3,2450,Facebook
2024-04-16,Embroidered Punjabi - Maroon,2,2450,Facebook
2024-04-17,Embroidered Punjabi - Maroon,2,2450,Website
2024-04-18,Embroidered Punjabi - Maroon,1,2450,Website
2024-04-19,Embroidered Punjabi - Maroon,1,2450,Facebook
2024-04-20,Embroidered Punjabi - Maroon,1,2450,Instagram
2024-04-23,Embroidered Punjabi - Maroon,1,2450,Instagram
2024-04-24,Embroidered Punjabi - Maroon,1,2450,Facebook
2024-04-25,Embroidered Punjabi - Maroon,1,2450,Facebook
2024-04-26,Embroidered Punjabi - Maroon,2,2450,Website
2024-04-30,Embroidered Punjabi - Maroon,1,2450,Facebook
2024-05-02,Embroidered Punjabi - Maroon,2,2450,Facebook
2024-05-04,Embroidered Punjabi - Maroon,1,2450,Instagram
2024-05-08,Embroidered Punjabi - Maroon,1,2450,Website
2024-05-09,Embroidered Punjabi - Maroon,1,2450,Facebook
2024-05-10,Embroidered Punjabi - Maroon,2,2450,Facebook
2024-05-11,Embroidered Punjabi - Maroon,1,2450,Instagram
2024-05-16,Embroidered Punjabi - Maroon,1,2450,Instagram
2024-05-18,Embroidered Punjabi - Maroon,1,2450,Facebook
2024-05-20,Embroidered Punjabi - Maroon,2,2450,Facebook
2024-05-21,Embroidered Punjabi - Maroon,1,2450,Website
2024-05-24,Embroidered Punjabi - Maroon,1,2450,Facebook
2024-05-25,Embroidered Punjabi - Maroon,1,2450,Facebook
2024-05-27,Embroidered Punjabi - Maroon,1,2450,Facebook
2024-05-29,Embroidered Punjabi - Maroon,1,2450,Facebook
2024-05-30,Embroidered Punjabi - Maroon,1,2450,Website
2024-06-01,Embroidered Punjabi - Maroon,1,2450,Instagram
2024-06-05,Embroidered Punjabi - Maroon,1,2450,Facebook
2024-06-06,Embroidered Punjabi - Maroon,1,2450,Website
2024-06-07,Embroidered Punjabi - Maroon,1,2450,Facebook
2024-06-10,Embroidered Punjabi - Maroon,1,2450,Facebook
2024-06-13,Embroidered Punjabi - Maroon,2,2450,Facebook
2024-06-14,Embroidered Punjabi - Maroon,1,2450,Facebook
2024-06-15,Embroidered Punjabi - Maroon,5,2450,Facebook
2024-06-16,Embroidered Punjabi - Maroon,1,2450,Facebook
2024-06-17,Embroidered Punjabi - Maroon,1,2450,Facebook
2024-06-18,Embroidered Punjabi - Maroon,2,2450,Website
2024-06-20,Embroidered Punjabi - Maroon,1,2450,Website
2024-06-21,Embroidered Punjabi - Maroon,2,2450,Facebook
2024-06-22,Embroidered Punjabi - Maroon,2,2450,Facebook
2024-06-24,Embroidered Punjabi - Maroon,1,2450,Facebook
2024-06-25,Embroidered Punjabi - Maroon,1,2450,Facebook
2024-06-26,Embroidered Punjabi - Maroon,4,2450,Instagram
2024-06-27,Embroidered Punjabi - Maroon,1,2450,Instagram
2024-06-29,Embroidered Punjabi - Maroon,2,2450,Facebook
2024-07-02,Embroidered Punjabi - Maroon,1,2450,Website
2024-07-04,Embroidered Punjabi - Maroon,2,2450,Facebook
2024-07-05,Embroidered Punjabi - Maroon,2,2450,Instagram
2024-07-06,Embroidered Punjabi - Maroon,3,2450,Website
2024-07-08,Embroidered Punjabi - Maroon,1,2450,Instagram
2024-07-13,Embroidered Punjabi - Maroon,1,2450,Facebook
2024-07-15,Embroidered Punjabi - Maroon,1,2450,Facebook
2024-07-17,Embroidered Punjabi - Maroon,1,2450,Website
2024-07-18,Embroidered Punjabi - Maroon,1,2450,Website
2024-07-19,Embroidered Punjabi - Maroon,3,2450,Facebook
2024-07-20,Embroidered Punjabi - Maroon,1,2450,Website
2024-07-21,Embroidered Punjabi - Maroon,1,2450,Website
2024-07-24,Embroidered Punjabi - Maroon,1,2450,Instagram
2024-07-26,Embroidered Punjabi - Maroon,1,2450,Facebook
2024-07-27,Embroidered Punjabi - Maroon,2,2450,Website
2024-07-29,Embroidered Punjabi - Maroon,1,2450,Facebook
2024-07-30,Embroidered Punjabi - Maroon,1,2450,Facebook
2024-07-31,Embroidered Punjabi - Maroon,1,2450,Facebook
2024-08-03,Embroidered Punjabi - Maroon,1,2450,Website
2024-08-05,Embroidered Punjabi - Maroon,1,2450,Facebook
2024-08-06,Embroidered Punjabi - Maroon,3,2450,Facebook
2024-08-09,Embroidered Punjabi - Maroon,1,2450,Facebook
2024-08-13,Embroidered Punjabi - Maroon,1,2450,Instagram
2024-08-18,Embroidered Punjabi - Maroon,1,2450,Website
2024-08-19,Embroidered Punjabi - Maroon,1,2450,Instagram
2024-08-20,Embroidered Punjabi - Maroon,1,2450,Website
2024-08-23,Embroidered Punjabi - Maroon,1,2450,Instagram
2024-08-24,Embroidered Punjabi - Maroon,1,2450,Website
2024-08-25,Embroidered Punjabi - Maroon,1,2450,Facebook
2024-08-27,Embroidered Punjabi - Maroon,2,2450,Facebook
2024-08-28,Embroidered Punjabi - Maroon,2,2450,Website
2024-08-29,Embroidered Punjabi - Maroon,1,2450,Facebook
2024-08-30,Embroidered Punjabi - Maroon,1,2450,Website
2024-09-03,Embroidered Punjabi - Maroon,1,2450,Facebook
2024-09-04,Embroidered Punjabi - Maroon,1,2450,Instagram
2024-09-07,Embroidered Punjabi - Maroon,1,2450,Facebook
2024-09-08,Embroidered Punjabi - Maroon,1,2450,Facebook
2024-09-10,Embroidered Punjabi - Maroon,1,2450,Website
2024-09-12,Embroidered Punjabi - Maroon,2,2450,Facebook
2024-09-14,Embroidered Punjabi - Maroon,2,2450,Facebook
2024-09-16,Embroidered Punjabi - Maroon,1,2450,Website
2024-09-18,Embroidered Punjabi - Maroon,1,2450,Facebook
2024-09-20,Embroidered Punjabi - Maroon,2,2450,Instagram
2024-09-22,Embroidered Punjabi - Maroon,1,2450,Facebook
2024-09-24,Embroidered Punjabi - Maroon,1,2450,Website
2024-09-26,Embroidered Punjabi - Maroon,1,2450,Instagram
2024-09-27,Embroidered Punjabi - Maroon,1,2450,Website
2024-09-30,Embroidered Punjabi - Maroon,1,2450,Facebook
2024-10-02,Embroidered Punjabi - Maroon,1,2450,Facebook
2024-10-03,Embroidered Punjabi - Maroon,1,2450,Website
2024-10-04,Embroidered Punjabi - Maroon,2,2450,Website
2024-10-05,Embroidered Punjabi - Maroon,1,2450,Website
2024-10-08,Embroidered Punjabi - Maroon,2,2450,Instagram
2024-10-11,Embroidered Punjabi - Maroon,2,2450,Website
2024-10-12,Embroidered Punjabi - Maroon,1,2450,Instagram
2024-10-20,Embroidered Punjabi - Maroon,2,2450,Instagram
2024-10-21,Embroidered Punjabi - Maroon,1,2450,Facebook
2024-10-22,Embroidered Punjabi - Maroon,1,2450,Website
2024-10-24,Embroidered Punjabi - Maroon,1,2450,Facebook
2024-10-26,Embroidered Punjabi - Maroon,1,2450,Instagram
2024-10-29,Embroidered Punjabi - Maroon,1,2450,Facebook
2024-10-30,Embroidered Punjabi - Maroon,2,2450,Facebook
2024-11-01,Embroidered Punjabi - Maroon,1,2450,Website
2024-11-03,Embroidered Punjabi - Maroon,1,2450,Instagram
2024-11-05,Embroidered Punjabi - Maroon,1,2450,Facebook
2024-11-07,Embroidered Punjabi - Maroon,1,2450,Website
2024-11-12,Embroidered Punjabi - Maroon,1,2450,Website
2024-11-19,Embroidered Punjabi - Maroon,1,2450,Facebook
2024-11-20,Embroidered Punjabi - Maroon,1,2450,Facebook
2024-11-22,Embroidered Punjabi - Maroon,1,2450,Instagram
2024-11-24,Embroidered Punjabi - Maroon,1,2450,Facebook
2024-11-25,Embroidered Punjabi - Maroon,2,2450,Website
2024-11-26,Embroidered Punjabi - Maroon,2,2450,Instagram
2024-11-27,Embroidered Punjabi - Maroon,2,2450,Facebook
2024-11-29,Embroidered Punjabi - Maroon,3,2450,Facebook
2024-12-03,Embroidered Punjabi - Maroon,1,2450,Facebook
2024-12-04,Embroidered Punjabi - Maroon,1,2450,Facebook
2024-12-06,Embroidered Punjabi - Maroon,2,2450,Instagram
2024-12-07,Embroidered Punjabi - Maroon,1,2450,Facebook
2024-12-08,Embroidered Punjabi - Maroon,1,2450,Facebook
2024-12-09,Embroidered Punjabi - Maroon,1,2450,Website
2024-12-11,Embroidered Punjabi - Maroon,1,2450,Facebook
2024-12-12,Embroidered Punjabi - Maroon,1,2450,Facebook
2024-12-13,Embroidered Punjabi - Maroon,1,2450,Instagram
2024-12-14,Embroidered Punjabi - Maroon,1,2450,Instagram
2024-12-15,Embroidered Punjabi - Maroon,2,2450,Website
2024-12-17,Embroidered Punjabi - Maroon,1,2450,Website
2024-12-18,Embroidered Punjabi - Maroon,1,2450,Facebook
2024-12-20,Embroidered Punjabi - Maroon,2,2450,Facebook
2024-12-24,Embroidered Punjabi - Maroon,1,2450,Website
2024-12-26,Embroidered Punjabi - Maroon,1,2450,Facebook
2024-12-27,Embroidered Punjabi - Maroon,1,2450,Facebook
2024-12-28,Embroidered Punjabi - Maroon,1,2450,Facebook
2025-01-01,Embroidered Punjabi - Maroon,1,2450,Website
2025-01-03,Embroidered Punjabi - Maroon,3,2450,Facebook
2025-01-04,Embroidered Punjabi - Maroon,2,2450,Website
2025-01-05,Embroidered Punjabi - Maroon,2,2450,Facebook
2025-01-08,Embroidered Punjabi - Maroon,3,2450,Facebook
2025-01-19,Embroidered Punjabi - Maroon,3,2450,Facebook
2025-01-20,Embroidered Punjabi - Maroon,2,2450,Facebook
2025-01-24,Embroidered Punjabi - Maroon,1,2450,Facebook
2025-01-25,Embroidered Punjabi - Maroon,3,2450,Instagram
2025-01-26,Embroidered Punjabi - Maroon,1,2450,Website
2025-01-28,Embroidered Punjabi - Maroon,1,2450,Facebook
2025-01-29,Embroidered Punjabi - Maroon,1,2450,Facebook
2025-01-31,Embroidered Punjabi - Maroon,3,2450,Website
2025-02-01,Embroidered Punjabi - Maroon,2,2450,Website
2025-02-02,Embroidered Punjabi - Maroon,1,2450,Facebook
2025-02-05,Embroidered Punjabi - Maroon,2,2450,Facebook
2025-02-07,Embroidered Punjabi - Maroon,2,2450,Website
2025-02-08,Embroidered Punjabi - Maroon,1,2450,Instagram
2025-02-09,Embroidered Punjabi - Maroon,1,2450,Instagram
2025-02-10,Embroidered Punjabi - Maroon,1,2450,Facebook
2025-02-11,Embroidered Punjabi - Maroon,1,2450,Facebook
2025-02-14,Embroidered Punjabi - Maroon,1,2450,Facebook
2025-02-18,Embroidered Punjabi - Maroon,1,2450,Facebook
2025-02-19,Embroidered Punjabi - Maroon,1,2450,Facebook
2025-02-20,Embroidered Punjabi - Maroon,1,2450,Website
2025-02-26,Embroidered Punjabi - Maroon,1,2450,Facebook
2025-02-28,Embroidered Punjabi - Maroon,1,2450,Website
2025-03-01,Embroidered Punjabi - Maroon,2,2450,Instagram
2025-03-02,Embroidered Punjabi - Maroon,1,2450,Website
2025-03-04,Embroidered Punjabi - Maroon,2,2450,Facebook
2025-03-07,Embroidered Punjabi - Maroon,1,2450,Facebook
2025-03-09,Embroidered Punjabi - Maroon,1,2450,Instagram
2025-03-10,Embroidered Punjabi - Maroon,2,2450,Facebook
2025-03-12,Embroidered Punjabi - Maroon,2,2450,Website
2025-03-13,Embroidered Punjabi - Maroon,1,2450,Website
2025-03-15,Embroidered Punjabi - Maroon,2,2450,Facebook
2025-03-16,Embroidered Punjabi - Maroon,2,2450,Facebook
2025-03-17,Embroidered Punjabi - Maroon,2,2450,Instagram
2025-03-18,Embroidered Punjabi - Maroon,2,2450,Website
2025-03-19,Embroidered Punjabi - Maroon,4,2450,Facebook
2025-03-20,Embroidered Punjabi - Maroon,1,2450,Facebook
2025-03-21,Embroidered Punjabi - Maroon,2,2450,Facebook
2025-03-22,Embroidered Punjabi - Maroon,2,2450,Facebook
2025-03-23,Embroidered Punjabi - Maroon,3,2450,Facebook
2025-03-24,Embroidered Punjabi - Maroon,5,2450,Facebook
2025-03-25,Embroidered Punjabi - Maroon,6,2450,Facebook
2025-03-26,Embroidered Punjabi - Maroon,4,2450,Facebook
2025-03-27,Embroidered Punjabi - Maroon,9,2450,Facebook
2025-03-28,Embroidered Punjabi - Maroon,10,2450,Facebook
2025-03-29,Embroidered Punjabi - Maroon,4,2450,Facebook
2025-03-30,Embroidered Punjabi - Maroon,1,2450,Instagram
2025-03-31,Embroidered Punjabi - Maroon,2,2450,Facebook
2025-04-01,Embroidered Punjabi - Maroon,2,2450,Instagram
2025-04-02,Embroidered Punjabi - Maroon,1,2450,Instagram
2025-04-03,Embroidered Punjabi - Maroon,1,2450,Facebook
2025-04-04,Embroidered Punjabi - Maroon,3,2450,Instagram
2025-04-05,Embroidered Punjabi - Maroon,1,2450,Facebook
2025-04-07,Embroidered Punjabi - Maroon,1,2450,Website
2025-04-08,Embroidered Punjabi - Maroon,2,2450,Facebook
2025-04-09,Embroidered Punjabi - Maroon,1,2450,Website
2025-04-10,Embroidered Punjabi - Maroon,2,2450,Instagram
2025-04-11,Embroidered Punjabi - Maroon,3,2450,Facebook
2025-04-12,Embroidered Punjabi - Maroon,1,2450,Facebook
2025-04-13,Embroidered Punjabi - Maroon,4,2450,Website
2025-04-16,Embroidered Punjabi - Maroon,2,2450,Facebook
2025-04-17,Embroidered Punjabi - Maroon,2,2450,Instagram
2025-04-18,Embroidered Punjabi - Maroon,2,2450,Facebook
2025-04-19,Embroidered Punjabi - Maroon,1,2450,Facebook
2025-04-20,Embroidered Punjabi - Maroon,2,2450,Website
2025-04-21,Embroidered Punjabi - Maroon,1,2450,Instagram
2025-04-23,Embroidered Punjabi - Maroon,1,2450,Website
2025-04-24,Embroidered Punjabi - Maroon,2,2450,Website
2025-04-28,Embroidered Punjabi - Maroon,1,2450,Facebook
2025-04-30,Embroidered Punjabi - Maroon,1,2450,Facebook
2025-05-01,Embroidered Punjabi - Maroon,1,2450,Facebook
2025-05-02,Embroidered Punjabi - Maroon,2,2450,Facebook
2025-05-03,Embroidered Punjabi - Maroon,2,2450,Facebook
2025-05-04,Embroidered Punjabi - Maroon,2,2450,Facebook
2025-05-06,Embroidered Punjabi - Maroon,1,2450,Facebook
2025-05-09,Embroidered Punjabi - Maroon,1,2450,Facebook
2025-05-10,Embroidered Punjabi - Maroon,2,2450,Facebook
2025-05-11,Embroidered Punjabi - Maroon,2,2450,Facebook
2025-05-12,Embroidered Punjabi - Maroon,1,2450,Facebook
2025-05-14,Embroidered Punjabi - Maroon,1,2450,Instagram
2025-05-18,Embroidered Punjabi - Maroon,1,2450,Facebook
2025-05-20,Embroidered Punjabi - Maroon,1,2450,Facebook
2025-05-21,Embroidered Punjabi - Maroon,1,2450,Facebook
2025-05-22,Embroidered Punjabi - Maroon,2,2450,Facebook
2025-05-23,Embroidered Punjabi - Maroon,2,2450,Facebook
2025-05-24,Embroidered Punjabi - Maroon,1,2450,Facebook
2025-05-25,Embroidered Punjabi - Maroon,1,2450,Instagram
2025-05-27,Embroidered Punjabi - Maroon,3,2450,Facebook
2025-05-28,Embroidered Punjabi - Maroon,1,2450,Facebook
2025-05-30,Embroidered Punjabi - Maroon,4,2450,Facebook
2025-05-31,Embroidered Punjabi - Maroon,2,2450,Instagram
2025-06-01,Embroidered Punjabi - Maroon,1,2450,Facebook
2025-06-02,Embroidered Punjabi - Maroon,1,2450,Facebook
2025-06-03,Embroidered Punjabi - Maroon,3,2450,Facebook
2025-06-04,Embroidered Punjabi - Maroon,3,2450,Facebook
2025-06-06,Embroidered Punjabi - Maroon,6,2450,Website
2025-06-09,Embroidered Punjabi - Maroon,1,2450,Website
2025-06-10,Embroidered Punjabi - Maroon,1,2450,Instagram
2025-06-11,Embroidered Punjabi - Maroon,1,2450,Facebook
2025-06-13,Embroidered Punjabi - Maroon,4,2450,Facebook
2025-06-14,Embroidered Punjabi - Maroon,1,2450,Facebook
2025-06-15,Embroidered Punjabi - Maroon,1,2450,Facebook
2025-06-17,Embroidered Punjabi - Maroon,3,2450,Instagram
2025-06-20,Embroidered Punjabi - Maroon,1,2450,Facebook
2025-06-21,Embroidered Punjabi - Maroon,1,2450,Website
2025-06-25,Embroidered Punjabi - Maroon,2,2450,Facebook
2025-06-26,Embroidered Punjabi - Maroon,4,2450,Facebook
2025-06-27,Embroidered Punjabi - Maroon,2,2450,Facebook
2025-06-30,Embroidered Punjabi - Maroon,2,2450,Website
2025-07-01,Embroidered Punjabi - Maroon,1,2450,Instagram
2025-07-03,Embroidered Punjabi - Maroon,1,2450,Website
2025-07-04,Embroidered Punjabi - Maroon,1,2450,Website
2025-07-05,Embroidered Punjabi - Maroon,2,2450,Facebook
2025-07-07,Embroidered Punjabi - Maroon,1,2450,Instagram
2025-07-09,Embroidered Punjabi - Maroon,1,2450,Instagram
2025-07-10,Embroidered Punjabi - Maroon,1,2450,Instagram
2025-07-15,Embroidered Punjabi - Maroon,1,2450,Website
2025-07-16,Embroidered Punjabi - Maroon,1,2450,Website
2025-07-17,Embroidered Punjabi - Maroon,1,2450,Website
2025-07-20,Embroidered Punjabi - Maroon,1,2450,Instagram
2025-07-24,Embroidered Punjabi - Maroon,1,2450,Website
2025-07-26,Embroidered Punjabi - Maroon,2,2450,Facebook
2025-07-29,Embroidered Punjabi - Maroon,2,2450,Facebook
2025-08-01,Embroidered Punjabi - Maroon,5,2450,Instagram
2025-08-02,Embroidered Punjabi - Maroon,3,2450,Website
2025-08-03,Embroidered Punjabi - Maroon,1,2450,Facebook
2025-08-05,Embroidered Punjabi - Maroon,1,2450,Instagram
2025-08-06,Embroidered Punjabi - Maroon,2,2450,Facebook
2025-08-07,Embroidered Punjabi - Maroon,4,2450,Facebook
2025-08-09,Embroidered Punjabi - Maroon,2,2450,Facebook
2025-08-10,Embroidered Punjabi - Maroon,1,2450,Website
2025-08-13,Embroidered Punjabi - Maroon,2,2450,Facebook
2025-08-15,Embroidered Punjabi - Maroon,4,2450,Facebook
2025-08-16,Embroidered Punjabi - Maroon,1,2450,Facebook
2025-08-18,Embroidered Punjabi - Maroon,1,2450,Facebook
2025-08-20,Embroidered Punjabi - Maroon,1,2450,Website
2025-08-21,Embroidered Punjabi - Maroon,2,2450,Facebook
2025-08-22,Embroidered Punjabi - Maroon,1,2450,Facebook
2025-08-24,Embroidered Punjabi - Maroon,1,2450,Website
2025-08-26,Embroidered Punjabi - Maroon,1,2450,Instagram
2025-08-27,Embroidered Punjabi - Maroon,1,2450,Website
2025-08-29,Embroidered Punjabi - Maroon,4,2450,Facebook
2025-09-01,Embroidered Punjabi - Maroon,1,2450,Facebook
2025-09-02,Embroidered Punjabi - Maroon,1,2450,Facebook
2025-09-03,Embroidered Punjabi - Maroon,2,2450,Facebook
2025-09-04,Embroidered Punjabi - Maroon,1,2450,Facebook
2025-09-05,Embroidered Punjabi - Maroon,1,2450,Instagram
2025-09-08,Embroidered Punjabi - Maroon,1,2450,Website
2025-09-09,Embroidered Punjabi - Maroon,2,2450,Facebook
2025-09-11,Embroidered Punjabi - Maroon,2,2450,Facebook
2025-09-12,Embroidered Punjabi - Maroon,1,2450,Facebook
2025-09-15,Embroidered Punjabi - Maroon,1,2450,Website
2025-09-16,Embroidered Punjabi - Maroon,1,2450,Facebook
2025-09-17,Embroidered Punjabi - Maroon,4,2450,Instagram
2025-09-18,Embroidered Punjabi - Maroon,2,2450,Instagram
2025-09-20,Embroidered Punjabi - Maroon,2,2450,Facebook
2025-09-21,Embroidered Punjabi - Maroon,1,2450,Instagram
2025-09-24,Embroidered Punjabi - Maroon,2,2450,Instagram
2025-09-25,Embroidered Punjabi - Maroon,2,2450,Facebook
2025-09-26,Embroidered Punjabi - Maroon,1,2450,Facebook
2025-09-27,Embroidered Punjabi - Maroon,3,2450,Facebook
2025-09-29,Embroidered Punjabi - Maroon,1,2450,Website
2025-09-30,Embroidered Punjabi - Maroon,2,2450,Website
2025-10-01,Embroidered Punjabi - Maroon,1,2450,Facebook
2025-10-04,Embroidered Punjabi - Maroon,1,2450,Facebook
2025-10-05,Embroidered Punjabi - Maroon,1,2450,Facebook
2025-10-09,Embroidered Punjabi - Maroon,1,2450,Facebook
2025-10-10,Embroidered Punjabi - Maroon,2,2450,Website
2025-10-11,Embroidered Punjabi - Maroon,1,2450,Facebook
2025-10-12,Embroidered Punjabi - Maroon,1,2450,Facebook
2025-10-13,Embroidered Punjabi - Maroon,1,2450,Facebook
2025-10-14,Embroidered Punjabi - Maroon,1,2450,Facebook
2025-10-17,Embroidered Punjabi - Maroon,3,2450,Website
2025-10-18,Embroidered Punjabi - Maroon,2,2450,Website
2025-10-20,Embroidered Punjabi - Maroon,1,2450,Facebook
2025-10-21,Embroidered Punjabi - Maroon,1,2450,Facebook
2025-10-22,Embroidered Punjabi - Maroon,1,2450,Facebook
2025-10-23,Embroidered Punjabi - Maroon,2,2450,Facebook
2025-10-24,Embroidered Punjabi - Maroon,2,2450,Facebook
2025-10-26,Embroidered Punjabi - Maroon,2,2450,Facebook
2025-10-27,Embroidered Punjabi - Maroon,2,2450,Website
2025-10-28,Embroidered Punjabi - Maroon,2,2450,Facebook
2025-10-30,Embroidered Punjabi - Maroon,2,2450,Facebook
2025-10-31,Embroidered Punjabi - Maroon,2,2450,Facebook
2025-11-01,Embroidered Punjabi - Maroon,2,2450,Website
2025-11-03,Embroidered Punjabi - Maroon,1,2450,Facebook
2025-11-04,Embroidered Punjabi - Maroon,1,2450,Instagram
2025-11-05,Embroidered Punjabi - Maroon,4,2450,Facebook
2025-11-06,Embroidered Punjabi - Maroon,1,2450,Website
2025-11-08,Embroidered Punjabi - Maroon,3,2450,Facebook
2025-11-11,Embroidered Punjabi - Maroon,2,2450,Facebook
2025-11-12,Embroidered Punjabi - Maroon,1,2450,Facebook
2025-11-14,Embroidered Punjabi - Maroon,3,2450,Facebook
2025-11-15,Embroidered Punjabi - Maroon,1,2450,Website
2025-11-16,Embroidered Punjabi - Maroon,1,2450,Facebook
2025-11-19,Embroidered Punjabi - Maroon,1,2450,Facebook
2025-11-21,Embroidered Punjabi - Maroon,4,2450,Website
2025-11-24,Embroidered Punjabi - Maroon,2,2450,Facebook
2025-11-25,Embroidered Punjabi - Maroon,1,2450,Facebook
2025-11-28,Embroidered Punjabi - Maroon,1,2450,Facebook
2025-11-29,Embroidered Punjabi - Maroon,1,2450,Website
2025-12-01,Embroidered Punjabi - Maroon,2,2450,Facebook
2025-12-03,Embroidered Punjabi - Maroon,2,2450,Instagram
2025-12-04,Embroidered Punjabi - Maroon,1,2450,Website
2025-12-05,Embroidered Punjabi - Maroon,2,2450,Facebook
2025-12-09,Embroidered Punjabi - Maroon,1,2450,Instagram
2025-12-10,Embroidered Punjabi - Maroon,2,2450,Facebook
2025-12-11,Embroidered Punjabi - Maroon,1,2450,Facebook
2025-12-12,Embroidered Punjabi - Maroon,1,2450,Website
2025-12-13,Embroidered Punjabi - Maroon,2,2450,Website
2025-12-16,Embroidered Punjabi - Maroon,1,2450,Instagram
2025-12-18,Embroidered Punjabi - Maroon,1,2450,Facebook
2025-12-19,Embroidered Punjabi - Maroon,3,2450,Facebook
2025-12-21,Embroidered Punjabi - Maroon,2,2450,Facebook
2025-12-22,Embroidered Punjabi - Maroon,1,2450,Facebook
2025-12-23,Embroidered Punjabi - Maroon,2,2450,Facebook
2025-12-25,Embroidered Punjabi - Maroon,1,2450,Website
2025-12-27,Embroidered Punjabi - Maroon,3,2450,Facebook
2025-12-28,Embroidered Punjabi - Maroon,1,2450,Website
2025-12-30,Embroidered Punjabi - Maroon,1,2450,Instagram
2026-01-02,Embroidered Punjabi - Maroon,2,2450,Instagram
2026-01-03,Embroidered Punjabi - Maroon,1,2450,Facebook
2026-01-06,Embroidered Punjabi - Maroon,2,2450,Facebook
2026-01-07,Embroidered Punjabi - Maroon,2,2450,Website
2026-01-08,Embroidered Punjabi - Maroon,2,2450,Facebook
2026-01-09,Embroidered Punjabi - Maroon,3,2450,Facebook
2026-01-10,Embroidered Punjabi - Maroon,2,2450,Instagram
2026-01-11,Embroidered Punjabi - Maroon,2,2450,Facebook
2026-01-16,Embroidered Punjabi - Maroon,2,2450,Website
2026-01-17,Embroidered Punjabi - Maroon,1,2450,Website
2026-01-18,Embroidered Punjabi - Maroon,2,2450,Facebook
2026-01-21,Embroidered Punjabi - Maroon,1,2450,Website
2026-01-23,Embroidered Punjabi - Maroon,1,2450,Website
2026-01-24,Embroidered Punjabi - Maroon,2,2450,Facebook
2026-01-26,Embroidered Punjabi - Maroon,1,2450,Instagram
2026-01-27,Embroidered Punjabi - Maroon,1,2450,Facebook
2026-01-29,Embroidered Punjabi - Maroon,1,2450,Facebook
2026-01-30,Embroidered Punjabi - Maroon,2,2450,Facebook
2026-01-31,Embroidered Punjabi - Maroon,1,2450,Facebook
2026-02-01,Embroidered Punjabi - Maroon,1,2450,Instagram
2026-02-02,Embroidered Punjabi - Maroon,1,2450,Facebook
2026-02-03,Embroidered Punjabi - Maroon,1,2450,Website
2026-02-04,Embroidered Punjabi - Maroon,5,2450,Instagram
2026-02-05,Embroidered Punjabi - Maroon,1,2450,Facebook
2026-02-06,Embroidered Punjabi - Maroon,2,2450,Facebook
2026-02-09,Embroidered Punjabi - Maroon,2,2450,Facebook
2026-02-10,Embroidered Punjabi - Maroon,1,2450,Facebook
2026-02-11,Embroidered Punjabi - Maroon,1,2450,Facebook
2026-02-13,Embroidered Punjabi - Maroon,3,2450,Website
2026-02-16,Embroidered Punjabi - Maroon,1,2450,Facebook
2026-02-17,Embroidered Punjabi - Maroon,1,2450,Facebook
2026-02-18,Embroidered Punjabi - Maroon,1,2450,Facebook
2026-02-19,Embroidered Punjabi - Maroon,1,2450,Facebook
2026-02-22,Embroidered Punjabi - Maroon,1,2450,Facebook
2026-02-24,Embroidered Punjabi - Maroon,1,2450,Instagram
2026-02-25,Embroidered Punjabi - Maroon,1,2450,Instagram
2026-02-26,Embroidered Punjabi - Maroon,2,2450,Facebook
2026-02-27,Embroidered Punjabi - Maroon,2,2450,Website
2026-03-01,Embroidered Punjabi - Maroon,2,2450,Instagram
2026-03-02,Embroidered Punjabi - Maroon,5,2450,Facebook
2026-03-03,Embroidered Punjabi - Maroon,1,2450,Facebook
2026-03-04,Embroidered Punjabi - Maroon,5,2450,Facebook
2026-03-05,Embroidered Punjabi - Maroon,4,2450,Website
2026-03-06,Embroidered Punjabi - Maroon,8,2450,Instagram
2026-03-07,Embroidered Punjabi - Maroon,2,2450,Facebook
2026-03-08,Embroidered Punjabi - Maroon,3,2450,Facebook
2026-03-09,Embroidered Punjabi - Maroon,4,2450,Facebook
2026-03-10,Embroidered Punjabi - Maroon,7,2450,Facebook
2026-03-11,Embroidered Punjabi - Maroon,4,2450,Facebook
2026-03-12,Embroidered Punjabi - Maroon,5,2450,Website
2026-03-13,Embroidered Punjabi - Maroon,7,2450,Facebook
2026-03-14,Embroidered Punjabi - Maroon,4,2450,Facebook
2026-03-15,Embroidered Punjabi - Maroon,4,2450,Website
2026-03-16,Embroidered Punjabi - Maroon,4,2450,Website
2026-03-17,Embroidered Punjabi - Maroon,2,2450,Facebook
2026-03-18,Embroidered Punjabi - Maroon,10,2450,Facebook
2026-03-19,Embroidered Punjabi - Maroon,1,2450,Website
2026-03-20,Embroidered Punjabi - Maroon,13,2450,Website
2026-03-21,Embroidered Punjabi - Maroon,4,2450,Facebook
2026-03-22,Embroidered Punjabi - Maroon,4,2450,Facebook
2026-03-23,Embroidered Punjabi - Maroon,1,2450,Website
2026-03-24,Embroidered Punjabi - Maroon,2,2450,Website
2026-03-27,Embroidered Punjabi - Maroon,2,2450,Facebook
2026-03-28,Embroidered Punjabi - Maroon,1,2450,Facebook
2026-03-30,Embroidered Punjabi - Maroon,1,2450,Website
2026-03-31,Embroidered Punjabi - Maroon,1,2450,Facebook
2026-04-05,Embroidered Punjabi - Maroon,1,2450,Website
2026-04-06,Embroidered Punjabi - Maroon,1,2450,Facebook
2026-04-08,Embroidered Punjabi - Maroon,1,2450,Facebook
2026-04-09,Embroidered Punjabi - Maroon,1,2450,Facebook
2026-04-10,Embroidered Punjabi - Maroon,2,2450,Website
2026-04-11,Embroidered Punjabi - Maroon,5,2450,Facebook
2026-04-12,Embroidered Punjabi - Maroon,2,2450,Website
2026-04-13,Embroidered Punjabi - Maroon,4,2450,Facebook
2026-04-14,Embroidered Punjabi - Maroon,2,2450,Facebook
2026-04-17,Embroidered Punjabi - Maroon,1,2450,Website
2026-04-18,Embroidered Punjabi - Maroon,3,2450,Facebook
2026-04-21,Embroidered Punjabi - Maroon,2,2450,Facebook
2026-04-23,Embroidered Punjabi - Maroon,2,2450,Instagram
2026-04-25,Embroidered Punjabi - Maroon,1,2450,Instagram
2026-04-27,Embroidered Punjabi - Maroon,1,2450,Facebook
2026-04-29,Embroidered Punjabi - Maroon,2,2450,Facebook
2026-05-01,Embroidered Punjabi - Maroon,1,2450,Website
2026-05-05,Embroidered Punjabi - Maroon,1,2450,Website
2026-05-06,Embroidered Punjabi - Maroon,3,2450,Facebook
2026-05-07,Embroidered Punjabi - Maroon,1,2450,Facebook
2026-05-08,Embroidered Punjabi - Maroon,2,2450,Website
2026-05-09,Embroidered Punjabi - Maroon,1,2450,Facebook
2026-05-10,Embroidered Punjabi - Maroon,1,2450,Instagram
2026-05-11,Embroidered Punjabi - Maroon,1,2450,Instagram
2026-05-14,Embroidered Punjabi - Maroon,2,2450,Facebook
2026-05-15,Embroidered Punjabi - Maroon,2,2450,Website
2026-05-17,Embroidered Punjabi - Maroon,1,2450,Website
2026-05-19,Embroidered Punjabi - Maroon,2,2450,Facebook
2026-05-20,Embroidered Punjabi - Maroon,2,2450,Instagram
2026-05-21,Embroidered Punjabi - Maroon,1,2450,Facebook
2026-05-22,Embroidered Punjabi - Maroon,3,2450,Facebook
2026-05-23,Embroidered Punjabi - Maroon,3,2450,Facebook
2026-05-24,Embroidered Punjabi - Maroon,1,2450,Facebook
2026-05-25,Embroidered Punjabi - Maroon,2,2450,Facebook
2026-05-26,Embroidered Punjabi - Maroon,1,2450,Instagram
2026-05-27,Embroidered Punjabi - Maroon,6,2450,Instagram
2026-05-28,Embroidered Punjabi - Maroon,4,2450,Website
2026-05-29,Embroidered Punjabi - Maroon,1,2450,Instagram
2026-05-30,Embroidered Punjabi - Maroon,2,2450,Instagram
2026-06-01,Embroidered Punjabi - Maroon,5,2450,Website
2026-06-03,Embroidered Punjabi - Maroon,2,2450,Facebook
2026-06-04,Embroidered Punjabi - Maroon,1,2450,Instagram
2026-06-06,Embroidered Punjabi - Maroon,2,2450,Website
2026-06-07,Embroidered Punjabi - Maroon,2,2450,Facebook
2026-06-08,Embroidered Punjabi - Maroon,1,2450,Facebook
2026-06-10,Embroidered Punjabi - Maroon,2,2450,Website
2026-06-12,Embroidered Punjabi - Maroon,1,2450,Website
2026-06-14,Embroidered Punjabi - Maroon,1,2450,Facebook
2026-06-18,Embroidered Punjabi - Maroon,2,2450,Facebook
2026-06-19,Embroidered Punjabi - Maroon,1,2450,Facebook
2026-06-21,Embroidered Punjabi - Maroon,2,2450,Facebook
2026-06-23,Embroidered Punjabi - Maroon,1,2450,Facebook
2026-06-24,Embroidered Punjabi - Maroon,2,2450,Facebook
2026-06-25,Embroidered Punjabi - Maroon,1,2450,Instagram
2026-06-27,Embroidered Punjabi - Maroon,2,2450,Website
2026-06-29,Embroidered Punjabi - Maroon,1,2450,Facebook
2026-06-30,Embroidered Punjabi - Maroon,1,2450,Website
2026-07-01,Embroidered Punjabi - Maroon,1,2450,Facebook
2026-07-02,Embroidered Punjabi - Maroon,1,2450,Facebook
2026-07-03,Embroidered Punjabi - Maroon,4,2450,Instagram
2026-07-07,Embroidered Punjabi - Maroon,2,2450,Instagram
2026-07-08,Embroidered Punjabi - Maroon,1,2450,Facebook
2026-07-09,Embroidered Punjabi - Maroon,1,2450,Website
2026-07-10,Embroidered Punjabi - Maroon,3,2450,Facebook
2026-07-11,Embroidered Punjabi - Maroon,4,2450,Facebook
2026-07-12,Embroidered Punjabi - Maroon,1,2450,Facebook
2026-07-13,Embroidered Punjabi - Maroon,2,2450,Facebook
2026-07-15,Embroidered Punjabi - Maroon,1,2450,Facebook
2026-07-16,Embroidered Punjabi - Maroon,1,2450,Instagram
2026-07-17,Embroidered Punjabi - Maroon,2,2450,Facebook
2026-07-20,Embroidered Punjabi - Maroon,1,2450,Facebook
2026-07-21,Embroidered Punjabi - Maroon,2,2450,Instagram
2026-07-23,Embroidered Punjabi - Maroon,1,2450,Website
2026-07-28,Embroidered Punjabi - Maroon,2,2450,Website
2026-07-29,Embroidered Punjabi - Maroon,1,2450,Facebook
2026-07-31,Embroidered Punjabi - Maroon,3,2450,Website
2026-08-01,Embroidered Punjabi - Maroon,1,2450,Facebook
2026-08-02,Embroidered Punjabi - Maroon,3,2450,Facebook
2026-08-03,Embroidered Punjabi - Maroon,2,2450,Website
2026-08-04,Embroidered Punjabi - Maroon,2,2450,Website
2026-08-05,Embroidered Punjabi - Maroon,1,2450,Facebook
2026-08-06,Embroidered Punjabi - Maroon,1,2450,Website
2026-08-07,Embroidered Punjabi - Maroon,1,2450,Facebook
2026-08-09,Embroidered Punjabi - Maroon,1,2450,Facebook
2026-08-10,Embroidered Punjabi - Maroon,2,2450,Facebook
2026-08-11,Embroidered Punjabi - Maroon,1,2450,Instagram
2026-08-12,Embroidered Punjabi - Maroon,2,2450,Facebook
2026-08-13,Embroidered Punjabi - Maroon,2,2450,Facebook
2026-08-14,Embroidered Punjabi - Maroon,2,2450,Website
2026-08-15,Embroidered Punjabi - Maroon,1,2450,Facebook
2026-08-18,Embroidered Punjabi - Maroon,1,2450,Instagram
2026-08-19,Embroidered Punjabi - Maroon,1,2450,Instagram
2026-08-20,Embroidered Punjabi - Maroon,2,2450,Facebook
2026-08-21,Embroidered Punjabi - Maroon,2,2450,Facebook
2026-08-22,Embroidered Punjabi - Maroon,1,2450,Instagram
2026-08-23,Embroidered Punjabi - Maroon,1,2450,Facebook
2026-08-25,Embroidered Punjabi - Maroon,2,2450,Facebook
2026-08-28,Embroidered Punjabi - Maroon,3,2450,Instagram
2026-08-29,Embroidered Punjabi - Maroon,1,2450,Website
2026-08-30,Embroidered Punjabi - Maroon,1,2450,Facebook
2026-08-31,Embroidered Punjabi - Maroon,1,2450,Website
2026-09-01,Embroidered Punjabi - Maroon,1,2450,Website
2026-09-04,Embroidered Punjabi - Maroon,1,2450,Facebook
2026-09-05,Embroidered Punjabi - Maroon,4,2450,Facebook
2026-09-06,Embroidered Punjabi - Maroon,2,2450,Facebook
2026-09-07,Embroidered Punjabi - Maroon,2,2450,Website
2026-09-08,Embroidered Punjabi - Maroon,2,2450,Facebook
2026-09-11,Embroidered Punjabi - Maroon,1,2450,Facebook
2026-09-12,Embroidered Punjabi - Maroon,2,2450,Facebook
2026-09-14,Embroidered Punjabi - Maroon,1,2450,Facebook
2026-09-15,Embroidered Punjabi - Maroon,1,2450,Facebook
2026-09-16,Embroidered Punjabi - Maroon,3,2450,Facebook
2026-09-17,Embroidered Punjabi - Maroon,3,2450,Website
2026-09-18,Embroidered Punjabi - Maroon,1,2450,Facebook
2026-09-19,Embroidered Punjabi - Maroon,4,2450,Facebook
2026-09-22,Embroidered Punjabi - Maroon,2,2450,Facebook
2026-09-23,Embroidered Punjabi - Maroon,2,2450,Facebook
2026-09-24,Embroidered Punjabi - Maroon,1,2450,Facebook
2026-09-25,Embroidered Punjabi - Maroon,4,2450,Instagram
2026-09-26,Embroidered Punjabi - Maroon,1,2450,Facebook
2026-09-29,Embroidered Punjabi - Maroon,1,2450,Website
2026-09-30,Embroidered Punjabi - Maroon,1,2450,Website
